1200,64,68,68,72,71,73,68,0,0,0,0,0,0,0
344,135,143,146,174,183,160,138,0,0,0,0,0,0,0
345,106,107,103,114,123,112,98,0,0,0,0,0,0,0
346,247,255,256,247,213,213,262,0,0,0,0,0,0,0
347,48,46,48,56,63,61,48,0,0,0,0,0,0,0
340,59,61,62,68,77,78,64,0,0,0,0,0,0,0
341,140,152,150,200,322,314,136,0,0,0,0,0,0,0
342,122,126,125,121,117,116,122,0,0,0,0,0,0,0
343,95,97,95,107,101,96,90,0,0,0,0,0,0,0
348,278,287,259,317,460,463,287,0,0,0,0,0,0,0
349,106,111,113,109,106,105,106,0,0,0,0,0,0,0
298,376,419,402,473,743,790,380,0,0,0,0,0,0,0
299,179,181,182,216,281,276,178,0,0,0,0,0,0,0
296,353,351,349,391,599,608,352,0,0,0,0,0,0,0
297,235,235,241,240,285,286,231,0,0,0,0,0,0,0
294,144,145,144,149,129,120,140,0,0,0,0,0,0,0
295,53,49,56,56,86,89,53,0,0,0,0,0,0,0
292,143,148,157,151,108,95,158,0,0,0,0,0,0,0
293,195,201,190,198,201,212,200,0,0,0,0,0,0,0
290,63,63,65,68,65,62,64,0,0,0,0,0,0,0
291,142,144,144,138,61,47,142,0,0,0,0,0,0,0
270,104,105,103,111,119,109,104,0,0,0,0,0,0,0
271,61,62,62,60,61,62,67,0,0,0,0,0,0,0
272,626,597,597,591,515,433,644,0,0,0,0,0,0,0
273,137,137,130,149,170,166,110,0,0,0,0,0,0,0
274,57,60,62,61,51,49,63,0,0,0,0,0,0,0
275,631,639,692,593,627,588,603,0,0,0,0,0,0,0
276,129,127,127,152,185,210,128,0,0,0,0,0,0,0
277,32,32,33,46,101,96,31,0,0,0,0,0,0,0
278,277,305,292,347,447,443,294,0,0,0,0,0,0,0
279,432,418,423,514,615,658,433,0,0,0,0,0,0,0
581,82,84,85,86,83,85,78,0,0,0,0,0,0,0
1132,68,70,71,71,78,82,70,0,0,0,0,0,0,0
1004,137,135,144,151,148,140,141,0,0,0,0,0,0,0
108,89,89,90,109,136,135,85,0,0,0,0,0,0,0
109,100,102,103,105,109,106,100,0,0,0,0,0,0,0
102,121,120,120,123,135,139,123,0,0,0,0,0,0,0
103,58,61,60,66,75,68,60,0,0,0,0,0,0,0
100,392,389,378,438,402,312,361,0,0,0,0,0,0,0
101,131,128,126,141,173,184,124,0,0,0,0,0,0,0
106,65,68,69,69,68,64,67,0,0,0,0,0,0,0
107,68,71,72,105,205,182,64,0,0,0,0,0,0,0
104,105,105,105,113,104,85,98,0,0,0,0,0,0,0
105,81,82,82,105,156,158,75,0,0,0,0,0,0,0
1212,70,69,70,75,93,94,70,0,0,0,0,0,0,0
1213,238,247,241,257,139,140,234,0,0,0,0,0,0,0
99,71,68,65,66,54,62,62,0,0,0,0,0,0,0
98,75,75,79,83,107,95,75,0,0,0,0,0,0,0
91,83,88,86,90,118,121,88,0,0,0,0,0,0,0
90,193,190,197,232,345,395,185,0,0,0,0,0,0,0
93,175,177,180,163,133,110,181,0,0,0,0,0,0,0
92,116,118,118,144,206,180,117,0,0,0,0,0,0,0
95,98,98,103,102,93,85,96,0,0,0,0,0,0,0
94,92,94,96,95,96,91,96,0,0,0,0,0,0,0
97,205,220,202,219,202,196,220,0,0,0,0,0,0,0
96,134,141,137,141,149,154,131,0,0,0,0,0,0,0
1623,264,275,269,313,379,405,254,0,0,0,0,0,0,0
1990,78,83,81,95,124,112,71,0,0,0,0,0,0,0
1993,53,58,61,75,83,81,55,0,0,0,0,0,0,0
1620,321,341,343,327,236,228,352,0,0,0,0,0,0,0
1627,164,161,159,185,220,208,157,0,0,0,0,0,0,0
1626,368,364,364,368,199,173,351,0,0,0,0,0,0,0
1625,170,165,162,179,203,219,168,0,0,0,0,0,0,0
1996,92,92,94,95,94,89,91,0,0,0,0,0,0,0
1999,301,320,315,326,339,414,313,0,0,0,0,0,0,0
1998,608,603,559,542,376,335,526,0,0,0,0,0,0,0
1629,2044,1974,1971,2081,3197,3419,1925,0,0,0,0,0,0,0
1628,123,122,125,137,139,140,118,0,0,0,0,0,0,0
559,218,228,220,210,50,44,223,0,0,0,0,0,0,0
558,90,97,96,106,109,113,100,0,0,0,0,0,0,0
555,97,98,98,109,139,154,103,0,0,0,0,0,0,0
554,88,89,91,110,155,152,84,0,0,0,0,0,0,0
557,300,315,304,330,277,257,299,0,0,0,0,0,0,0
556,38,45,44,49,54,53,48,0,0,0,0,0,0,0
551,99,100,99,109,117,121,93,0,0,0,0,0,0,0
550,93,95,98,104,106,100,95,0,0,0,0,0,0,0
553,273,271,268,298,353,360,248,0,0,0,0,0,0,0
552,110,114,112,134,160,161,107,0,0,0,0,0,0,0
1439,93,95,91,96,118,120,103,0,0,0,0,0,0,0
1199,142,147,143,148,56,42,148,0,0,0,0,0,0,0
1198,62,62,61,69,69,73,65,0,0,0,0,0,0,0
1191,60,61,61,62,66,67,61,0,0,0,0,0,0,0
1190,328,329,317,410,480,454,325,0,0,0,0,0,0,0
1193,123,125,126,140,99,91,124,0,0,0,0,0,0,0
1192,85,82,80,91,107,108,74,0,0,0,0,0,0,0
1195,58,63,62,78,114,107,58,0,0,0,0,0,0,0
1194,181,184,188,192,212,245,183,0,0,0,0,0,0,0
1197,119,123,116,146,172,155,112,0,0,0,0,0,0,0
1196,86,84,83,92,112,108,83,0,0,0,0,0,0,0
1759,450,434,417,422,394,402,455,0,0,0,0,0,0,0
1758,43,43,45,58,83,73,40,0,0,0,0,0,0,0
1757,73,72,70,100,157,150,75,0,0,0,0,0,0,0
1756,139,141,133,167,222,203,134,0,0,0,0,0,0,0
1755,72,73,73,84,88,86,74,0,0,0,0,0,0,0
1754,46,49,49,55,60,60,50,0,0,0,0,0,0,0
1753,266,267,271,266,187,157,268,0,0,0,0,0,0,0
1752,207,222,220,268,374,356,222,0,0,0,0,0,0,0
1751,223,228,219,237,311,327,227,0,0,0,0,0,0,0
1750,99,101,100,123,161,149,98,0,0,0,0,0,0,0
1177,101,102,103,106,117,128,105,0,0,0,0,0,0,0
1176,99,106,104,119,153,155,99,0,0,0,0,0,0,0
1175,189,192,178,206,241,239,186,0,0,0,0,0,0,0
1174,131,134,138,139,81,64,138,0,0,0,0,0,0,0
1173,82,88,88,99,122,120,82,0,0,0,0,0,0,0
1172,45,50,53,63,90,96,48,0,0,0,0,0,0,0
1171,46,45,47,59,85,80,51,0,0,0,0,0,0,0
1170,54,56,58,56,69,76,58,0,0,0,0,0,0,0
1179,104,104,107,115,115,117,96,0,0,0,0,0,0,0
1178,240,246,250,225,76,53,253,0,0,0,0,0,0,0
511,132,126,125,145,190,189,123,0,0,0,0,0,0,0
510,66,70,71,71,69,68,70,0,0,0,0,0,0,0
513,147,146,140,147,144,138,139,0,0,0,0,0,0,0
1285,111,114,111,120,128,141,114,0,0,0,0,0,0,0
1284,79,82,82,92,99,98,80,0,0,0,0,0,0,0
1287,153,152,151,157,167,162,154,0,0,0,0,0,0,0
1286,82,98,87,111,118,115,79,0,0,0,0,0,0,0
1281,68,69,68,73,92,85,63,0,0,0,0,0,0,0
1280,67,66,71,83,92,91,64,0,0,0,0,0,0,0
1283,158,159,158,179,262,280,163,0,0,0,0,0,0,0
1282,59,61,62,63,52,50,62,0,0,0,0,0,0,0
1003,49,50,50,63,82,79,47,0,0,0,0,0,0,0
1289,68,66,67,78,90,90,61,0,0,0,0,0,0,0
1288,72,72,72,86,115,121,73,0,0,0,0,0,0,0
514,68,76,78,88,94,95,74,0,0,0,0,0,0,0
1579,36,33,34,41,71,72,34,0,0,0,0,0,0,0
1578,114,117,112,109,97,87,112,0,0,0,0,0,0,0
689,70,69,74,80,86,90,69,0,0,0,0,0,0,0
688,93,97,100,101,112,108,94,0,0,0,0,0,0,0
1573,200,208,209,203,165,151,209,0,0,0,0,0,0,0
1572,126,126,129,136,128,123,123,0,0,0,0,0,0,0
1571,557,553,582,508,209,186,544,0,0,0,0,0,0,0
1570,134,136,139,146,158,158,136,0,0,0,0,0,0,0
1577,33,34,34,47,75,70,34,0,0,0,0,0,0,0
680,91,89,94,70,66,57,86,0,0,0,0,0,0,0
683,36,35,38,50,99,95,36,0,0,0,0,0,0,0
682,49,49,51,66,91,88,49,0,0,0,0,0,0,0
623,123,112,107,121,138,142,97,0,0,0,0,0,0,0
1226,435,454,430,468,599,661,459,0,0,0,0,0,0,0
1240,180,178,177,168,147,171,175,0,0,0,0,0,0,0
1225,81,83,85,81,57,42,82,0,0,0,0,0,0,0
873,175,177,172,158,142,158,170,0,0,0,0,0,0,0
620,175,173,173,160,152,155,177,0,0,0,0,0,0,0
627,170,182,162,182,184,160,181,0,0,0,0,0,0,0
626,133,138,135,137,136,138,133,0,0,0,0,0,0,0
1221,197,205,207,238,293,281,186,0,0,0,0,0,0,0
1220,200,211,216,225,91,80,212,0,0,0,0,0,0,0
1371,148,150,145,142,55,51,139,0,0,0,0,0,0,0
1370,110,112,113,129,120,130,105,0,0,0,0,0,0,0
405,134,132,137,146,96,68,144,0,0,0,0,0,0,0
404,167,162,168,200,302,330,161,0,0,0,0,0,0,0
1375,75,74,76,77,55,49,72,0,0,0,0,0,0,0
1374,59,57,58,77,68,73,54,0,0,0,0,0,0,0
1377,164,175,171,201,271,269,153,0,0,0,0,0,0,0
400,78,81,82,69,78,86,81,0,0,0,0,0,0,0
1379,267,269,267,282,229,218,269,0,0,0,0,0,0,0
1378,93,95,98,96,79,78,94,0,0,0,0,0,0,0
1342,103,105,106,135,176,164,98,0,0,0,0,0,0,0
409,88,92,90,92,100,105,88,0,0,0,0,0,0,0
408,258,270,273,300,478,479,275,0,0,0,0,0,0,0
1343,133,133,131,146,124,131,133,0,0,0,0,0,0,0
1242,67,66,66,81,89,87,65,0,0,0,0,0,0,0
1344,170,170,158,181,278,309,174,0,0,0,0,0,0,0
1345,82,81,81,94,121,115,75,0,0,0,0,0,0,0
1346,1028,1144,1050,1224,1731,1695,1139,0,0,0,0,0,0,0
1347,87,89,90,106,132,128,83,0,0,0,0,0,0,0
1245,63,64,66,77,76,76,65,0,0,0,0,0,0,0
379,32,34,35,47,107,96,32,0,0,0,0,0,0,0
378,151,156,164,179,151,144,148,0,0,0,0,0,0,0
371,192,198,194,217,331,333,195,0,0,0,0,0,0,0
370,190,196,194,266,440,446,173,0,0,0,0,0,0,0
373,51,50,52,60,66,67,51,0,0,0,0,0,0,0
372,52,51,51,54,67,71,51,0,0,0,0,0,0,0
375,38,38,41,47,68,68,38,0,0,0,0,0,0,0
374,55,58,59,64,71,71,56,0,0,0,0,0,0,0
377,116,122,121,118,95,88,120,0,0,0,0,0,0,0
376,39,39,39,44,54,51,38,0,0,0,0,0,0,0
1244,160,163,163,182,181,166,149,0,0,0,0,0,0,0
393,441,449,454,457,548,548,440,0,0,0,0,0,0,0
392,277,280,272,277,146,131,277,0,0,0,0,0,0,0
391,189,186,193,318,265,260,196,0,0,0,0,0,0,0
390,56,58,51,80,135,123,49,0,0,0,0,0,0,0
397,115,112,116,134,189,220,111,0,0,0,0,0,0,0
396,101,102,102,103,92,92,104,0,0,0,0,0,0,0
395,230,237,236,244,218,215,225,0,0,0,0,0,0,0
394,159,161,157,167,177,178,150,0,0,0,0,0,0,0
399,118,161,157,162,240,235,90,0,0,0,0,0,0,0
398,130,129,130,138,111,112,127,0,0,0,0,0,0,0
1247,73,74,77,89,93,95,74,0,0,0,0,0,0,0
1246,63,65,63,76,130,142,57,0,0,0,0,0,0,0
245,176,176,178,191,172,175,171,0,0,0,0,0,0,0
244,202,193,205,196,184,185,206,0,0,0,0,0,0,0
247,167,164,163,170,165,167,165,0,0,0,0,0,0,0
246,26,25,29,40,108,87,29,0,0,0,0,0,0,0
241,109,105,102,106,114,120,100,0,0,0,0,0,0,0
240,277,286,287,342,281,256,274,0,0,0,0,0,0,0
243,236,232,233,263,364,361,228,0,0,0,0,0,0,0
242,73,72,74,74,70,72,78,0,0,0,0,0,0,0
249,168,171,177,162,81,51,174,0,0,0,0,0,0,0
248,70,66,70,72,67,80,69,0,0,0,0,0,0,0
179,60,62,61,71,84,79,56,0,0,0,0,0,0,0
178,66,69,67,77,98,98,73,0,0,0,0,0,0,0
177,102,107,104,122,160,158,97,0,0,0,0,0,0,0
176,69,67,68,84,117,108,63,0,0,0,0,0,0,0
175,85,84,86,109,185,176,76,0,0,0,0,0,0,0
174,203,220,216,215,185,233,233,0,0,0,0,0,0,0
173,170,173,165,177,205,216,171,0,0,0,0,0,0,0
172,170,166,153,181,321,315,167,0,0,0,0,0,0,0
171,264,272,270,289,236,223,267,0,0,0,0,0,0,0
170,62,58,60,68,106,108,58,0,0,0,0,0,0,0
1502,169,176,179,173,149,144,175,0,0,0,0,0,0,0
1503,192,197,200,193,167,168,201,0,0,0,0,0,0,0
1500,184,190,188,201,258,278,193,0,0,0,0,0,0,0
1501,187,192,196,211,190,172,200,0,0,0,0,0,0,0
1506,88,89,89,94,109,108,83,0,0,0,0,0,0,0
1507,81,84,84,89,76,86,82,0,0,0,0,0,0,0
1367,84,89,93,145,114,130,80,0,0,0,0,0,0,0
650,597,569,542,596,911,869,554,0,0,0,0,0,0,0
1505,69,71,71,74,60,61,73,0,0,0,0,0,0,0
1601,58,60,59,60,63,63,61,0,0,0,0,0,0,0
1600,55,55,56,63,78,78,54,0,0,0,0,0,0,0
1603,157,157,156,190,167,162,163,0,0,0,0,0,0,0
1365,312,325,324,346,322,309,303,0,0,0,0,0,0,0
1602,76,79,77,87,97,96,73,0,0,0,0,0,0,0
1973,31,35,37,39,34,34,44,0,0,0,0,0,0,0
1604,46,50,49,64,91,85,47,0,0,0,0,0,0,0
1607,46,43,45,49,55,55,45,0,0,0,0,0,0,0
1606,84,86,87,96,64,58,86,0,0,0,0,0,0,0
1362,52,53,52,63,80,75,50,0,0,0,0,0,0,0
1968,23,23,23,35,52,54,24,0,0,0,0,0,0,0
1969,91,92,94,94,99,103,95,0,0,0,0,0,0,0
1618,75,79,80,90,110,106,74,0,0,0,0,0,0,0
1619,142,142,148,183,252,251,135,0,0,0,0,0,0,0
1964,110,108,110,109,81,63,108,0,0,0,0,0,0,0
1617,70,75,76,80,64,56,73,0,0,0,0,0,0,0
1966,224,231,228,236,211,121,244,0,0,0,0,0,0,0
1615,269,282,279,257,127,108,273,0,0,0,0,0,0,0
1612,179,189,183,184,157,153,181,0,0,0,0,0,0,0
1961,113,117,114,111,86,78,118,0,0,0,0,0,0,0
1610,270,289,278,276,282,270,269,0,0,0,0,0,0,0
1611,104,99,99,105,146,157,103,0,0,0,0,0,0,0
1363,101,104,102,104,109,112,101,0,0,0,0,0,0,0
1768,297,305,303,308,164,145,299,0,0,0,0,0,0,0
1769,57,60,62,79,90,89,57,0,0,0,0,0,0,0
1762,222,222,224,226,157,146,228,0,0,0,0,0,0,0
1763,135,133,128,153,161,147,126,0,0,0,0,0,0,0
1760,124,125,128,142,153,146,120,0,0,0,0,0,0,0
1761,41,40,42,56,101,102,37,0,0,0,0,0,0,0
1766,105,105,105,107,116,110,110,0,0,0,0,0,0,0
1767,126,124,125,139,188,197,125,0,0,0,0,0,0,0
1764,112,115,112,113,51,41,113,0,0,0,0,0,0,0
1765,169,174,164,175,192,193,160,0,0,0,0,0,0,0
1142,71,66,66,82,118,108,67,0,0,0,0,0,0,0
1143,70,72,73,92,108,99,69,0,0,0,0,0,0,0
1140,178,187,182,190,52,44,185,0,0,0,0,0,0,0
1141,92,91,93,103,118,120,85,0,0,0,0,0,0,0
1146,185,189,185,197,205,215,192,0,0,0,0,0,0,0
1147,332,338,326,359,398,402,363,0,0,0,0,0,0,0
1144,62,68,62,79,133,151,61,0,0,0,0,0,0,0
1145,74,70,69,210,141,187,143,0,0,0,0,0,0,0
1148,70,72,72,73,80,85,73,0,0,0,0,0,0,0
1149,69,71,72,76,83,81,69,0,0,0,0,0,0,0
769,118,122,131,205,189,185,107,0,0,0,0,0,0,0
1546,75,82,70,86,93,94,72,0,0,0,0,0,0,0
1547,42,43,47,69,138,119,43,0,0,0,0,0,0,0
1544,159,153,144,186,282,287,159,0,0,0,0,0,0,0
691,160,164,153,181,260,279,163,0,0,0,0,0,0,0
1542,56,56,58,67,76,75,54,0,0,0,0,0,0,0
1543,58,60,61,60,71,76,61,0,0,0,0,0,0,0
1540,135,152,156,235,221,238,123,0,0,0,0,0,0,0
1541,67,68,65,81,100,96,60,0,0,0,0,0,0,0
698,56,55,56,61,66,70,54,0,0,0,0,0,0,0
699,74,75,75,70,79,78,75,0,0,0,0,0,0,0
1548,32,33,34,30,34,31,35,0,0,0,0,0,0,0
1549,108,108,107,110,132,134,102,0,0,0,0,0,0,0
542,88,90,92,98,87,86,91,0,0,0,0,0,0,0
543,74,73,76,82,104,101,68,0,0,0,0,0,0,0
540,77,81,79,89,96,95,80,0,0,0,0,0,0,0
541,174,182,178,182,186,185,179,0,0,0,0,0,0,0
546,62,65,66,79,110,106,61,0,0,0,0,0,0,0
547,71,73,76,87,97,91,72,0,0,0,0,0,0,0
544,110,110,109,146,171,182,91,0,0,0,0,0,0,0
1781,64,66,69,69,40,42,69,0,0,0,0,0,0,0
548,115,118,116,140,146,150,115,0,0,0,0,0,0,0
549,51,50,54,66,99,104,54,0,0,0,0,0,0,0
760,102,103,103,130,168,164,96,0,0,0,0,0,0,0
1783,356,381,355,397,563,625,365,0,0,0,0,0,0,0
1784,226,243,238,262,277,246,222,0,0,0,0,0,0,0
767,59,58,57,64,74,72,56,0,0,0,0,0,0,0
764,64,64,65,77,99,102,62,0,0,0,0,0,0,0
765,106,110,107,106,83,89,110,0,0,0,0,0,0,0
414,419,426,409,459,489,526,436,0,0,0,0,0,0,0
415,76,74,75,74,45,41,72,0,0,0,0,0,0,0
416,48,51,55,64,93,91,48,0,0,0,0,0,0,0
417,27,28,30,33,43,40,31,0,0,0,0,0,0,0
410,92,90,94,112,110,123,87,0,0,0,0,0,0,0
411,24,24,24,34,48,49,26,0,0,0,0,0,0,0
412,93,95,96,102,50,41,93,0,0,0,0,0,0,0
413,208,203,194,194,186,174,207,0,0,0,0,0,0,0
1384,39,44,41,63,75,68,32,0,0,0,0,0,0,0
1385,76,76,76,84,86,87,74,0,0,0,0,0,0,0
1386,65,66,68,75,75,77,68,0,0,0,0,0,0,0
1387,116,120,121,166,298,277,106,0,0,0,0,0,0,0
1380,61,63,65,70,78,80,59,0,0,0,0,0,0,0
419,47,51,52,60,78,49,52,0,0,0,0,0,0,0
1382,60,62,61,66,64,66,58,0,0,0,0,0,0,0
1383,221,231,233,217,153,159,236,0,0,0,0,0,0,0
1254,60,62,64,68,86,80,59,0,0,0,0,0,0,0
368,305,310,299,279,173,146,324,0,0,0,0,0,0,0
369,116,120,119,139,156,156,116,0,0,0,0,0,0,0
366,87,90,95,93,53,33,91,0,0,0,0,0,0,0
367,87,87,86,86,85,98,91,0,0,0,0,0,0,0
364,97,102,103,123,167,170,94,0,0,0,0,0,0,0
365,60,64,65,72,89,84,59,0,0,0,0,0,0,0
362,137,137,137,147,139,134,130,0,0,0,0,0,0,0
363,57,59,58,66,64,67,57,0,0,0,0,0,0,0
360,122,122,122,145,224,226,120,0,0,0,0,0,0,0
361,231,238,242,241,138,115,237,0,0,0,0,0,0,0
380,175,190,182,218,291,298,171,0,0,0,0,0,0,0
381,41,40,41,43,51,52,44,0,0,0,0,0,0,0
382,53,59,58,61,76,79,59,0,0,0,0,0,0,0
383,98,101,97,96,87,95,102,0,0,0,0,0,0,0
384,95,93,97,94,35,31,90,0,0,0,0,0,0,0
385,38,37,38,49,61,60,38,0,0,0,0,0,0,0
386,171,173,175,206,231,225,156,0,0,0,0,0,0,0
387,71,72,74,89,99,104,62,0,0,0,0,0,0,0
388,88,87,81,112,158,151,76,0,0,0,0,0,0,0
389,104,105,105,110,110,111,103,0,0,0,0,0,0,0
1253,67,70,70,72,88,99,68,0,0,0,0,0,0,0
258,66,68,71,90,106,97,60,0,0,0,0,0,0,0
259,74,74,73,78,78,84,74,0,0,0,0,0,0,0
252,153,151,154,174,225,179,148,0,0,0,0,0,0,0
253,79,81,76,94,144,140,64,0,0,0,0,0,0,0
250,57,57,59,61,86,89,54,0,0,0,0,0,0,0
251,113,115,108,112,58,48,114,0,0,0,0,0,0,0
256,177,182,184,204,285,276,184,0,0,0,0,0,0,0
257,87,90,83,93,86,85,88,0,0,0,0,0,0,0
254,139,148,144,145,123,125,139,0,0,0,0,0,0,0
255,80,83,82,84,73,70,78,0,0,0,0,0,0,0
900,561,564,559,695,1087,1046,537,0,0,0,0,0,0,0
901,138,137,128,143,153,160,137,0,0,0,0,0,0,0
168,111,110,107,110,107,112,112,0,0,0,0,0,0,0
169,75,80,80,109,188,166,76,0,0,0,0,0,0,0
164,211,217,220,217,151,140,212,0,0,0,0,0,0,0
165,91,92,86,112,152,149,92,0,0,0,0,0,0,0
166,51,50,49,71,135,125,48,0,0,0,0,0,0,0
167,149,159,152,151,147,152,158,0,0,0,0,0,0,0
160,280,288,289,284,125,116,280,0,0,0,0,0,0,0
161,128,130,130,137,117,128,121,0,0,0,0,0,0,0
162,86,86,89,89,84,70,80,0,0,0,0,0,0,0
163,72,73,73,83,115,113,71,0,0,0,0,0,0,0
908,78,81,81,85,93,92,80,0,0,0,0,0,0,0
909,117,123,118,137,164,160,109,0,0,0,0,0,0,0
678,101,104,109,112,82,85,105,0,0,0,0,0,0,0
679,463,483,476,539,774,774,482,0,0,0,0,0,0,0
1814,123,125,126,120,94,73,126,0,0,0,0,0,0,0
1815,78,82,80,83,95,93,79,0,0,0,0,0,0,0
1816,61,63,66,71,72,64,60,0,0,0,0,0,0,0
1817,172,175,178,191,170,156,169,0,0,0,0,0,0,0
1810,124,128,122,123,111,117,127,0,0,0,0,0,0,0
1811,120,126,132,123,103,95,122,0,0,0,0,0,0,0
1812,82,87,87,106,143,124,81,0,0,0,0,0,0,0
1813,151,148,140,153,160,155,148,0,0,0,0,0,0,0
1818,207,193,211,215,196,238,215,0,0,0,0,0,0,0
1819,46,50,49,60,74,72,46,0,0,0,0,0,0,0
670,133,133,135,152,212,200,124,0,0,0,0,0,0,0
1099,79,86,88,93,92,92,84,0,0,0,0,0,0,0
1609,59,64,62,64,71,80,68,0,0,0,0,0,0,0
1608,129,131,127,129,134,149,129,0,0,0,0,0,0,0
1979,64,65,66,77,77,72,60,0,0,0,0,0,0,0
1978,187,190,193,218,247,244,176,0,0,0,0,0,0,0
1977,126,122,122,131,127,138,125,0,0,0,0,0,0,0
1976,93,95,98,104,107,106,93,0,0,0,0,0,0,0
1975,186,191,192,257,317,327,172,0,0,0,0,0,0,0
1974,159,149,151,159,131,135,156,0,0,0,0,0,0,0
1605,204,216,203,227,312,341,217,0,0,0,0,0,0,0
1972,71,71,74,89,125,117,67,0,0,0,0,0,0,0
1971,238,227,230,235,196,187,233,0,0,0,0,0,0,0
1970,226,231,220,261,329,324,228,0,0,0,0,0,0,0
809,52,51,49,60,77,71,52,0,0,0,0,0,0,0
808,235,235,270,362,329,321,243,0,0,0,0,0,0,0
803,282,287,286,256,151,147,285,0,0,0,0,0,0,0
802,59,59,63,73,122,110,55,0,0,0,0,0,0,0
801,89,90,93,109,134,126,87,0,0,0,0,0,0,0
800,157,159,157,198,268,271,156,0,0,0,0,0,0,0
807,58,61,61,75,103,100,57,0,0,0,0,0,0,0
806,439,454,460,514,825,933,447,0,0,0,0,0,0,0
805,185,195,185,205,143,134,196,0,0,0,0,0,0,0
804,110,108,99,106,108,108,109,0,0,0,0,0,0,0
1775,220,225,222,260,315,293,212,0,0,0,0,0,0,0
1774,126,129,130,125,55,33,134,0,0,0,0,0,0,0
1777,96,99,96,102,85,85,94,0,0,0,0,0,0,0
1776,102,106,105,122,164,169,106,0,0,0,0,0,0,0
1771,185,186,189,190,145,142,181,0,0,0,0,0,0,0
1770,191,202,178,205,322,349,203,0,0,0,0,0,0,0
1773,56,61,61,74,119,113,55,0,0,0,0,0,0,0
1772,39,39,41,49,144,129,37,0,0,0,0,0,0,0
1779,243,247,238,252,151,131,235,0,0,0,0,0,0,0
1778,188,196,185,189,215,218,188,0,0,0,0,0,0,0
1159,67,67,64,79,98,101,64,0,0,0,0,0,0,0
1158,66,67,66,68,74,78,65,0,0,0,0,0,0,0
1155,51,52,52,51,48,45,53,0,0,0,0,0,0,0
1154,75,87,86,89,106,102,81,0,0,0,0,0,0,0
1157,86,87,86,85,52,45,87,0,0,0,0,0,0,0
1156,53,53,54,66,83,78,55,0,0,0,0,0,0,0
1151,140,145,145,146,118,105,139,0,0,0,0,0,0,0
1150,305,310,304,329,463,468,320,0,0,0,0,0,0,0
1153,227,229,232,264,238,219,220,0,0,0,0,0,0,0
1152,178,174,180,203,285,283,179,0,0,0,0,0,0,0
59,170,195,185,239,186,163,173,0,0,0,0,0,0,0
58,1571,1525,1546,1694,2071,2068,1767,0,0,0,0,0,0,0
1551,107,109,107,109,92,87,107,0,0,0,0,0,0,0
1550,120,118,120,122,132,133,125,0,0,0,0,0,0,0
1553,108,112,111,125,154,144,104,0,0,0,0,0,0,0
1552,62,64,65,73,96,84,61,0,0,0,0,0,0,0
1555,132,139,136,175,256,253,126,0,0,0,0,0,0,0
1554,124,127,125,117,93,84,125,0,0,0,0,0,0,0
1557,269,268,277,346,424,390,265,0,0,0,0,0,0,0
1556,196,201,163,159,144,158,167,0,0,0,0,0,0,0
1559,58,62,61,81,93,93,56,0,0,0,0,0,0,0
1558,73,74,75,103,219,209,67,0,0,0,0,0,0,0
57,247,251,253,302,255,258,252,0,0,0,0,0,0,0
56,63,67,67,73,91,78,61,0,0,0,0,0,0,0
51,72,72,62,72,41,35,70,0,0,0,0,0,0,0
50,65,65,67,76,69,87,68,0,0,0,0,0,0,0
53,117,120,120,135,130,123,121,0,0,0,0,0,0,0
52,53,57,57,74,118,112,50,0,0,0,0,0,0,0
537,106,107,107,133,183,177,102,0,0,0,0,0,0,0
55,327,343,340,391,375,352,304,0,0,0,0,0,0,0
535,155,162,154,172,181,181,154,0,0,0,0,0,0,0
534,32,35,33,49,98,88,33,0,0,0,0,0,0,0
533,137,140,137,125,104,101,141,0,0,0,0,0,0,0
532,116,115,113,116,131,139,116,0,0,0,0,0,0,0
531,114,123,119,145,184,181,109,0,0,0,0,0,0,0
530,905,899,929,671,188,56,919,0,0,0,0,0,0,0
539,99,104,104,114,122,116,96,0,0,0,0,0,0,0
538,36,37,37,54,124,108,34,0,0,0,0,0,0,0
536,69,70,71,75,89,96,73,0,0,0,0,0,0,0
429,35,36,36,44,56,49,36,0,0,0,0,0,0,0
428,206,203,215,192,194,187,193,0,0,0,0,0,0,0
1399,128,132,129,170,155,167,123,0,0,0,0,0,0,0
1398,46,46,47,56,86,83,43,0,0,0,0,0,0,0
1397,146,164,150,156,221,227,160,0,0,0,0,0,0,0
420,86,87,91,91,88,81,89,0,0,0,0,0,0,0
1395,110,112,111,117,132,130,106,0,0,0,0,0,0,0
1394,416,423,420,396,334,322,411,0,0,0,0,0,0,0
425,80,81,86,108,158,142,85,0,0,0,0,0,0,0
1392,284,293,294,297,268,257,285,0,0,0,0,0,0,0
427,131,133,132,138,89,83,129,0,0,0,0,0,0,0
426,172,191,186,236,177,161,163,0,0,0,0,0,0,0
229,79,85,84,91,104,91,81,0,0,0,0,0,0,0
228,52,53,53,59,73,77,56,0,0,0,0,0,0,0
227,62,60,54,80,115,111,53,0,0,0,0,0,0,0
226,185,190,189,201,198,193,194,0,0,0,0,0,0,0
225,88,92,94,90,74,75,91,0,0,0,0,0,0,0
224,74,80,82,81,27,17,82,0,0,0,0,0,0,0
223,65,67,68,83,97,96,65,0,0,0,0,0,0,0
222,28,29,33,34,33,33,30,0,0,0,0,0,0,0
221,121,129,124,134,151,148,115,0,0,0,0,0,0,0
220,99,97,98,103,74,70,93,0,0,0,0,0,0,0
151,100,102,105,113,68,53,100,0,0,0,0,0,0,0
150,53,57,59,69,111,100,53,0,0,0,0,0,0,0
153,58,60,62,70,97,86,58,0,0,0,0,0,0,0
152,49,48,50,60,62,56,48,0,0,0,0,0,0,0
155,122,126,125,143,162,160,122,0,0,0,0,0,0,0
154,116,119,121,117,84,78,118,0,0,0,0,0,0,0
157,80,83,78,92,133,115,79,0,0,0,0,0,0,0
156,125,133,131,136,159,155,130,0,0,0,0,0,0,0
159,54,59,59,67,88,86,57,0,0,0,0,0,0,0
158,66,68,68,72,70,72,69,0,0,0,0,0,0,0
1807,116,118,120,135,163,154,104,0,0,0,0,0,0,0
1806,98,97,103,106,83,39,100,0,0,0,0,0,0,0
1805,60,62,63,68,79,68,60,0,0,0,0,0,0,0
1804,97,108,103,142,277,286,91,0,0,0,0,0,0,0
1803,70,67,65,72,87,94,73,0,0,0,0,0,0,0
1802,40,40,40,42,51,53,41,0,0,0,0,0,0,0
1801,70,71,71,105,215,196,68,0,0,0,0,0,0,0
1800,61,68,66,81,88,76,64,0,0,0,0,0,0,0
1809,81,88,81,122,118,118,84,0,0,0,0,0,0,0
1808,65,64,65,68,62,54,68,0,0,0,0,0,0,0
1256,272,282,256,267,311,320,279,0,0,0,0,0,0,0
1948,202,199,193,205,258,258,211,0,0,0,0,0,0,0
1949,69,74,71,75,88,91,72,0,0,0,0,0,0,0
1525,125,124,125,140,134,131,123,0,0,0,0,0,0,0
1942,61,65,63,83,128,120,60,0,0,0,0,0,0,0
1943,161,162,161,153,142,128,159,0,0,0,0,0,0,0
1940,109,117,111,129,151,137,102,0,0,0,0,0,0,0
1941,182,178,173,178,186,202,175,0,0,0,0,0,0,0
1946,103,101,103,120,169,164,100,0,0,0,0,0,0,0
1947,47,49,50,48,37,29,50,0,0,0,0,0,0,0
1944,464,458,464,500,604,658,486,0,0,0,0,0,0,0
1945,330,324,305,369,366,347,316,0,0,0,0,0,0,0
818,58,57,58,80,100,96,50,0,0,0,0,0,0,0
819,92,89,91,91,40,34,90,0,0,0,0,0,0,0
1255,42,44,47,53,56,55,46,0,0,0,0,0,0,0
810,11,15,14,22,24,21,33,0,0,0,0,0,0,0
811,47,46,49,56,65,64,43,0,0,0,0,0,0,0
812,186,195,194,189,75,49,187,0,0,0,0,0,0,0
813,68,70,64,75,82,81,68,0,0,0,0,0,0,0
814,195,203,197,195,203,195,204,0,0,0,0,0,0,0
815,52,51,52,60,81,84,51,0,0,0,0,0,0,0
816,280,288,289,308,423,440,283,0,0,0,0,0,0,0
817,127,127,123,127,131,145,124,0,0,0,0,0,0,0
1991,133,135,134,133,126,130,135,0,0,0,0,0,0,0
1522,149,151,146,158,134,138,152,0,0,0,0,0,0,0
1622,116,117,118,119,124,128,120,0,0,0,0,0,0,0
1358,161,170,178,223,369,444,165,0,0,0,0,0,0,0
1251,77,81,81,86,98,105,79,0,0,0,0,0,0,0
1621,118,120,119,118,110,114,126,0,0,0,0,0,0,0
1490,92,96,93,102,128,128,88,0,0,0,0,0,0,0
421,39,43,42,56,98,85,37,0,0,0,0,0,0,0
1492,54,55,57,58,64,63,56,0,0,0,0,0,0,0
1493,103,103,103,99,35,31,102,0,0,0,0,0,0,0
1494,173,185,186,209,272,259,176,0,0,0,0,0,0,0
1495,100,100,101,99,69,62,100,0,0,0,0,0,0,0
1496,133,138,133,144,179,190,137,0,0,0,0,0,0,0
1497,75,82,82,90,95,87,76,0,0,0,0,0,0,0
1498,67,73,79,91,126,131,64,0,0,0,0,0,0,0
1995,60,63,63,64,76,80,61,0,0,0,0,0,0,0
423,74,76,76,103,186,168,65,0,0,0,0,0,0,0
1994,144,143,143,160,157,154,140,0,0,0,0,0,0,0
1700,106,106,110,113,130,132,102,0,0,0,0,0,0,0
1701,76,77,80,85,94,90,77,0,0,0,0,0,0,0
1702,63,66,67,77,55,31,66,0,0,0,0,0,0,0
1703,31,32,31,38,57,54,33,0,0,0,0,0,0,0
1704,441,418,409,428,356,347,417,0,0,0,0,0,0,0
1705,62,63,65,71,84,81,63,0,0,0,0,0,0,0
1706,277,301,276,275,106,97,288,0,0,0,0,0,0,0
1707,295,234,320,239,293,323,347,0,0,0,0,0,0,0
1708,148,156,159,219,162,163,142,0,0,0,0,0,0,0
1709,842,876,900,857,193,157,845,0,0,0,0,0,0,0
1624,352,366,349,407,474,450,340,0,0,0,0,0,0,0
424,70,68,74,86,119,110,68,0,0,0,0,0,0,0
1391,184,180,185,166,146,174,177,0,0,0,0,0,0,0
1390,45,45,47,59,85,79,43,0,0,0,0,0,0,0
1128,66,66,65,78,97,100,60,0,0,0,0,0,0,0
1129,85,89,89,104,148,146,84,0,0,0,0,0,0,0
1120,43,42,44,48,65,62,39,0,0,0,0,0,0,0
1121,124,124,125,150,156,149,119,0,0,0,0,0,0,0
1122,133,136,141,141,142,144,118,0,0,0,0,0,0,0
1123,451,472,462,467,500,544,449,0,0,0,0,0,0,0
1124,28,30,30,44,84,69,30,0,0,0,0,0,0,0
1125,208,215,221,278,281,256,194,0,0,0,0,0,0,0
1126,90,84,84,96,120,115,82,0,0,0,0,0,0,0
1127,92,94,95,111,156,151,90,0,0,0,0,0,0,0
524,78,81,82,83,16,10,81,0,0,0,0,0,0,0
525,55,56,57,62,71,72,57,0,0,0,0,0,0,0
526,91,90,90,101,128,123,85,0,0,0,0,0,0,0
527,74,73,75,66,40,35,75,0,0,0,0,0,0,0
1018,344,363,375,402,636,763,365,0,0,0,0,0,0,0
1019,107,110,107,131,157,154,110,0,0,0,0,0,0,0
522,126,131,131,151,192,181,124,0,0,0,0,0,0,0
523,45,44,46,52,66,61,42,0,0,0,0,0,0,0
1014,65,64,66,63,74,75,64,0,0,0,0,0,0,0
1015,100,100,98,104,97,101,104,0,0,0,0,0,0,0
1016,56,57,59,58,70,73,58,0,0,0,0,0,0,0
1017,126,124,126,147,173,177,117,0,0,0,0,0,0,0
1010,54,53,52,55,79,76,53,0,0,0,0,0,0,0
1011,112,114,113,115,123,117,110,0,0,0,0,0,0,0
1012,181,188,184,183,187,189,180,0,0,0,0,0,0,0
1013,141,152,141,147,111,97,145,0,0,0,0,0,0,0
1234,33,35,36,47,76,66,33,0,0,0,0,0,0,0
1235,85,89,89,89,91,84,86,0,0,0,0,0,0,0
1236,109,117,114,114,139,148,119,0,0,0,0,0,0,0
1237,67,69,67,77,80,75,64,0,0,0,0,0,0,0
1230,59,60,59,64,82,71,57,0,0,0,0,0,0,0
1231,125,128,130,152,186,162,128,0,0,0,0,0,0,0
1232,67,70,80,76,68,61,74,0,0,0,0,0,0,0
1233,58,61,62,75,91,93,58,0,0,0,0,0,0,0
1238,99,103,104,100,92,85,103,0,0,0,0,0,0,0
1239,68,70,71,74,72,77,72,0,0,0,0,0,0,0
438,65,68,67,82,99,99,66,0,0,0,0,0,0,0
439,119,126,123,134,137,137,125,0,0,0,0,0,0,0
436,400,441,409,484,550,510,399,0,0,0,0,0,0,0
437,51,52,55,57,55,55,52,0,0,0,0,0,0,0
434,38,38,42,47,91,87,39,0,0,0,0,0,0,0
435,356,375,361,454,874,856,297,0,0,0,0,0,0,0
432,42,42,42,51,81,76,39,0,0,0,0,0,0,0
433,84,89,92,90,79,84,90,0,0,0,0,0,0,0
430,100,102,105,102,95,83,104,0,0,0,0,0,0,0
431,66,69,68,76,85,89,68,0,0,0,0,0,0,0
1960,213,222,209,237,297,299,198,0,0,0,0,0,0,0
238,67,66,65,72,75,66,66,0,0,0,0,0,0,0
239,70,78,74,93,115,109,69,0,0,0,0,0,0,0
234,154,156,150,171,190,189,147,0,0,0,0,0,0,0
235,118,122,117,149,185,180,114,0,0,0,0,0,0,0
236,48,49,49,51,69,66,46,0,0,0,0,0,0,0
237,69,65,67,66,79,75,65,0,0,0,0,0,0,0
230,68,68,67,67,78,79,66,0,0,0,0,0,0,0
231,70,73,72,79,88,90,70,0,0,0,0,0,0,0
232,70,72,72,73,70,66,73,0,0,0,0,0,0,0
233,264,281,267,327,493,491,247,0,0,0,0,0,0,0
1,204,197,200,237,263,264,190,0,0,0,0,0,0,0
1433,58,61,63,68,83,79,59,0,0,0,0,0,0,0
146,477,493,500,536,749,738,496,0,0,0,0,0,0,0
147,120,126,129,135,114,110,129,0,0,0,0,0,0,0
144,92,92,87,113,172,190,89,0,0,0,0,0,0,0
145,61,63,64,70,79,74,64,0,0,0,0,0,0,0
142,439,444,443,443,197,171,420,0,0,0,0,0,0,0
143,139,140,133,135,119,109,132,0,0,0,0,0,0,0
140,322,323,315,344,203,185,316,0,0,0,0,0,0,0
141,40,40,38,44,70,67,40,0,0,0,0,0,0,0
148,72,76,77,83,81,78,74,0,0,0,0,0,0,0
149,159,166,168,211,303,248,163,0,0,0,0,0,0,0
1832,97,97,97,98,117,125,100,0,0,0,0,0,0,0
1833,47,48,54,58,71,72,49,0,0,0,0,0,0,0
1830,31,35,32,37,56,52,33,0,0,0,0,0,0,0
1831,683,688,766,612,309,189,679,0,0,0,0,0,0,0
1836,126,126,125,138,156,159,125,0,0,0,0,0,0,0
1837,76,78,73,88,113,106,70,0,0,0,0,0,0,0
1834,58,59,60,66,65,59,57,0,0,0,0,0,0,0
1835,39,38,39,50,68,70,39,0,0,0,0,0,0,0
1838,122,125,127,143,171,170,120,0,0,0,0,0,0,0
1839,115,122,118,140,234,221,115,0,0,0,0,0,0,0
939,139,143,142,142,124,126,137,0,0,0,0,0,0,0
938,85,87,86,86,100,104,88,0,0,0,0,0,0,0
933,91,94,96,99,102,110,95,0,0,0,0,0,0,0
932,59,61,61,65,59,61,60,0,0,0,0,0,0,0
931,155,160,143,150,168,158,158,0,0,0,0,0,0,0
930,70,72,75,73,79,72,69,0,0,0,0,0,0,0
937,80,82,84,116,184,159,73,0,0,0,0,0,0,0
936,39,41,42,51,100,98,37,0,0,0,0,0,0,0
935,115,124,119,124,102,98,121,0,0,0,0,0,0,0
934,622,680,686,697,843,877,656,0,0,0,0,0,0,0
1955,140,146,151,191,261,244,133,0,0,0,0,0,0,0
1954,368,379,373,421,401,522,373,0,0,0,0,0,0,0
1957,85,85,86,95,116,109,81,0,0,0,0,0,0,0
1956,120,122,120,122,133,133,120,0,0,0,0,0,0,0
1951,98,101,101,122,142,134,93,0,0,0,0,0,0,0
1950,237,225,220,224,270,340,233,0,0,0,0,0,0,0
1953,67,70,71,81,102,100,62,0,0,0,0,0,0,0
1952,59,62,64,65,77,73,62,0,0,0,0,0,0,0
1959,411,416,437,379,286,363,407,0,0,0,0,0,0,0
1958,192,185,190,188,152,137,167,0,0,0,0,0,0,0
829,271,263,268,297,361,424,286,0,0,0,0,0,0,0
828,53,56,59,63,58,52,56,0,0,0,0,0,0,0
825,749,705,727,599,745,757,615,0,0,0,0,0,0,0
824,99,101,103,111,132,138,98,0,0,0,0,0,0,0
827,60,60,57,62,48,38,60,0,0,0,0,0,0,0
826,137,131,126,130,124,118,117,0,0,0,0,0,0,0
821,134,135,139,150,244,249,147,0,0,0,0,0,0,0
820,216,217,209,221,245,258,221,0,0,0,0,0,0,0
823,84,84,84,90,103,99,81,0,0,0,0,0,0,0
822,71,71,73,78,107,109,66,0,0,0,0,0,0,0
1483,340,359,362,397,423,386,329,0,0,0,0,0,0,0
1482,90,88,87,93,121,122,85,0,0,0,0,0,0,0
1481,82,85,86,92,96,100,83,0,0,0,0,0,0,0
1480,62,63,61,72,70,70,61,0,0,0,0,0,0,0
1487,35,33,35,41,47,49,33,0,0,0,0,0,0,0
1486,45,49,51,81,78,77,46,0,0,0,0,0,0,0
1485,96,96,96,116,170,166,90,0,0,0,0,0,0,0
1484,159,163,160,185,248,221,159,0,0,0,0,0,0,0
1489,225,227,232,252,245,241,219,0,0,0,0,0,0,0
1488,100,100,99,108,116,122,103,0,0,0,0,0,0,0
1713,70,66,71,74,59,56,71,0,0,0,0,0,0,0
796,54,58,55,80,123,120,52,0,0,0,0,0,0,0
1711,107,112,112,109,106,88,109,0,0,0,0,0,0,0
1710,207,210,206,216,268,260,212,0,0,0,0,0,0,0
793,48,48,50,65,112,97,45,0,0,0,0,0,0,0
1716,185,195,190,164,48,46,193,0,0,0,0,0,0,0
1715,47,48,51,58,110,107,43,0,0,0,0,0,0,0
790,50,49,47,53,59,68,49,0,0,0,0,0,0,0
1719,267,274,271,248,209,210,269,0,0,0,0,0,0,0
1718,57,58,57,63,64,67,59,0,0,0,0,0,0,0
799,94,97,97,118,153,143,89,0,0,0,0,0,0,0
798,83,84,82,81,36,29,88,0,0,0,0,0,0,0
1270,61,60,55,81,129,114,53,0,0,0,0,0,0,0
1271,171,177,174,175,214,231,177,0,0,0,0,0,0,0
610,78,81,82,96,120,103,72,0,0,0,0,0,0,0
1139,62,68,69,74,87,83,63,0,0,0,0,0,0,0
1138,58,58,60,64,61,51,58,0,0,0,0,0,0,0
1133,52,52,55,55,66,60,51,0,0,0,0,0,0,0
616,79,81,82,93,123,119,79,0,0,0,0,0,0,0
1131,219,228,227,215,121,95,218,0,0,0,0,0,0,0
1130,96,99,101,102,97,101,107,0,0,0,0,0,0,0
1137,69,67,72,77,89,86,72,0,0,0,0,0,0,0
1136,209,211,209,215,238,255,211,0,0,0,0,0,0,0
1135,131,138,135,161,230,239,127,0,0,0,0,0,0,0
617,96,101,105,109,91,93,101,0,0,0,0,0,0,0
614,172,167,169,199,192,194,166,0,0,0,0,0,0,0
615,105,108,104,136,186,185,101,0,0,0,0,0,0,0
519,178,180,184,210,233,229,171,0,0,0,0,0,0,0
518,55,54,59,63,103,105,53,0,0,0,0,0,0,0
1009,52,50,52,71,119,130,51,0,0,0,0,0,0,0
1008,67,64,67,80,102,86,61,0,0,0,0,0,0,0
1007,112,113,112,118,141,135,118,0,0,0,0,0,0,0
1006,59,60,62,63,73,69,59,0,0,0,0,0,0,0
1005,130,133,133,123,100,107,132,0,0,0,0,0,0,0
512,42,43,43,58,89,85,51,0,0,0,0,0,0,0
515,139,140,144,154,162,154,138,0,0,0,0,0,0,0
1002,40,41,39,66,114,99,39,0,0,0,0,0,0,0
1001,34,32,35,44,71,63,31,0,0,0,0,0,0,0
1000,64,68,69,86,130,123,58,0,0,0,0,0,0,0
1227,113,118,113,120,137,147,118,0,0,0,0,0,0,0
622,38,39,39,50,71,72,39,0,0,0,0,0,0,0
621,146,147,150,152,133,115,149,0,0,0,0,0,0,0
1224,105,107,107,128,117,118,104,0,0,0,0,0,0,0
1223,144,143,149,159,103,98,144,0,0,0,0,0,0,0
1222,71,71,74,84,96,97,67,0,0,0,0,0,0,0
625,86,91,92,98,115,123,91,0,0,0,0,0,0,0
624,130,136,132,144,158,182,137,0,0,0,0,0,0,0
629,123,124,122,143,207,212,118,0,0,0,0,0,0,0
628,138,146,135,189,307,294,137,0,0,0,0,0,0,0
1229,638,634,690,616,606,683,652,0,0,0,0,0,0,0
1228,104,106,103,108,134,143,109,0,0,0,0,0,0,0
1535,591,621,620,666,711,851,584,0,0,0,0,0,0,0
2,80,84,81,88,111,112,80,0,0,0,0,0,0,0
11,97,99,97,93,77,61,97,0,0,0,0,0,0,0
10,99,104,100,100,102,105,95,0,0,0,0,0,0,0
13,240,242,253,257,242,246,246,0,0,0,0,0,0,0
12,54,57,59,69,91,90,51,0,0,0,0,0,0,0
15,129,131,124,142,192,202,127,0,0,0,0,0,0,0
14,58,60,61,64,67,61,60,0,0,0,0,0,0,0
17,83,86,86,100,116,111,81,0,0,0,0,0,0,0
16,39,37,36,46,49,49,37,0,0,0,0,0,0,0
19,144,146,141,158,200,231,138,0,0,0,0,0,0,0
18,87,87,88,99,117,121,83,0,0,0,0,0,0,0
201,36,34,35,49,81,79,34,0,0,0,0,0,0,0
200,179,175,184,228,351,369,170,0,0,0,0,0,0,0
203,383,399,417,447,701,857,395,0,0,0,0,0,0,0
202,181,184,186,169,119,117,177,0,0,0,0,0,0,0
205,97,101,99,110,110,115,100,0,0,0,0,0,0,0
204,81,84,87,93,84,71,82,0,0,0,0,0,0,0
207,64,63,57,82,175,162,54,0,0,0,0,0,0,0
206,50,52,53,60,83,81,48,0,0,0,0,0,0,0
209,77,76,76,84,122,132,67,0,0,0,0,0,0,0
208,92,94,87,102,122,133,95,0,0,0,0,0,0,0
685,255,267,238,263,397,402,267,0,0,0,0,0,0,0
684,63,67,66,71,75,69,64,0,0,0,0,0,0,0
687,61,65,65,75,91,95,61,0,0,0,0,0,0,0
686,133,134,130,147,177,182,125,0,0,0,0,0,0,0
681,77,79,79,96,107,99,72,0,0,0,0,0,0,0
1576,96,102,100,113,140,138,92,0,0,0,0,0,0,0
1575,59,60,59,66,86,83,60,0,0,0,0,0,0,0
1574,77,79,79,94,99,96,72,0,0,0,0,0,0,0
1829,143,149,146,165,196,197,134,0,0,0,0,0,0,0
1828,198,193,210,219,274,258,208,0,0,0,0,0,0,0
1825,198,201,186,174,152,158,202,0,0,0,0,0,0,0
1824,26,34,35,45,50,57,40,0,0,0,0,0,0,0
1827,72,72,73,83,97,92,69,0,0,0,0,0,0,0
1826,177,179,175,189,247,278,179,0,0,0,0,0,0,0
1821,772,852,750,907,1406,1559,769,0,0,0,0,0,0,0
1820,95,98,98,108,137,141,93,0,0,0,0,0,0,0
1823,75,79,79,94,139,142,76,0,0,0,0,0,0,0
1822,107,107,107,105,109,103,107,0,0,0,0,0,0,0
928,105,109,108,119,126,132,108,0,0,0,0,0,0,0
929,51,52,51,59,73,72,47,0,0,0,0,0,0,0
920,99,94,96,102,65,67,97,0,0,0,0,0,0,0
921,172,167,167,159,147,141,164,0,0,0,0,0,0,0
922,81,85,82,88,104,116,80,0,0,0,0,0,0,0
923,111,111,110,130,178,163,106,0,0,0,0,0,0,0
924,115,118,119,112,83,93,124,0,0,0,0,0,0,0
925,112,118,111,120,50,39,113,0,0,0,0,0,0,0
926,83,84,83,92,104,98,78,0,0,0,0,0,0,0
927,55,59,54,69,85,83,52,0,0,0,0,0,0,0
1920,69,69,71,72,48,43,70,0,0,0,0,0,0,0
1921,147,150,146,164,188,189,143,0,0,0,0,0,0,0
1922,255,267,259,290,440,453,264,0,0,0,0,0,0,0
1923,117,122,123,140,185,190,108,0,0,0,0,0,0,0
1924,91,96,100,122,125,124,85,0,0,0,0,0,0,0
1925,67,68,76,95,158,150,65,0,0,0,0,0,0,0
1926,76,75,74,76,39,35,78,0,0,0,0,0,0,0
1927,492,483,498,469,394,463,496,0,0,0,0,0,0,0
1928,781,779,916,1278,915,884,812,0,0,0,0,0,0,0
1929,95,95,103,97,53,40,97,0,0,0,0,0,0,0
832,61,62,64,69,66,70,62,0,0,0,0,0,0,0
833,50,49,52,54,72,55,51,0,0,0,0,0,0,0
830,80,76,72,89,116,115,77,0,0,0,0,0,0,0
831,205,207,207,240,272,262,204,0,0,0,0,0,0,0
836,82,84,85,100,147,140,82,0,0,0,0,0,0,0
837,100,106,105,100,65,62,104,0,0,0,0,0,0,0
834,67,66,67,87,130,131,60,0,0,0,0,0,0,0
835,125,126,123,134,149,146,119,0,0,0,0,0,0,0
838,132,139,134,146,139,140,137,0,0,0,0,0,0,0
839,81,84,86,97,131,133,80,0,0,0,0,0,0,0
3,72,71,74,90,118,104,65,0,0,0,0,0,0,0
1986,95,96,96,99,106,103,96,0,0,0,0,0,0,0
784,53,53,52,64,69,66,56,0,0,0,0,0,0,0
785,71,69,71,72,79,75,67,0,0,0,0,0,0,0
786,41,45,44,52,73,70,48,0,0,0,0,0,0,0
787,83,87,87,99,128,124,83,0,0,0,0,0,0,0
780,118,123,122,120,120,117,124,0,0,0,0,0,0,0
781,130,136,140,182,265,251,132,0,0,0,0,0,0,0
1728,82,83,89,92,75,37,85,0,0,0,0,0,0,0
1729,60,61,62,76,99,101,61,0,0,0,0,0,0,0
1726,291,292,277,322,489,520,313,0,0,0,0,0,0,0
1727,225,226,217,233,204,202,219,0,0,0,0,0,0,0
1724,105,104,106,106,109,117,101,0,0,0,0,0,0,0
1725,156,160,168,165,201,193,167,0,0,0,0,0,0,0
1722,181,186,183,193,248,233,178,0,0,0,0,0,0,0
1723,84,89,90,103,99,90,85,0,0,0,0,0,0,0
1720,200,203,191,211,192,185,193,0,0,0,0,0,0,0
1721,78,78,79,75,57,48,74,0,0,0,0,0,0,0
60,171,171,167,181,176,165,155,0,0,0,0,0,0,0
690,103,104,102,110,150,150,101,0,0,0,0,0,0,0
62,71,74,75,86,108,112,72,0,0,0,0,0,0,0
63,197,198,194,205,243,274,201,0,0,0,0,0,0,0
64,157,152,155,149,133,128,161,0,0,0,0,0,0,0
65,328,330,325,362,509,568,338,0,0,0,0,0,0,0
66,70,76,77,92,92,89,67,0,0,0,0,0,0,0
67,55,56,54,68,98,89,52,0,0,0,0,0,0,0
68,56,60,58,59,67,64,60,0,0,0,0,0,0,0
69,95,100,102,117,144,134,94,0,0,0,0,0,0,0
407,220,208,212,203,199,197,201,0,0,0,0,0,0,0
1588,99,102,102,118,132,136,92,0,0,0,0,0,0,0
1589,133,131,134,143,108,115,134,0,0,0,0,0,0,0
406,179,180,184,181,179,192,184,0,0,0,0,0,0,0
1582,100,101,102,111,123,122,96,0,0,0,0,0,0,0
1583,259,267,266,299,248,212,253,0,0,0,0,0,0,0
1580,111,122,117,147,277,297,110,0,0,0,0,0,0,0
1581,63,64,63,71,80,84,60,0,0,0,0,0,0,0
1586,47,47,47,54,72,71,48,0,0,0,0,0,0,0
1373,359,370,382,418,530,642,356,0,0,0,0,0,0,0
1584,224,216,213,217,249,247,222,0,0,0,0,0,0,0
1585,109,110,101,107,77,56,106,0,0,0,0,0,0,0
1038,137,142,141,152,185,195,145,0,0,0,0,0,0,0
1372,977,896,1069,767,393,234,1050,0,0,0,0,0,0,0
508,148,151,149,149,110,104,153,0,0,0,0,0,0,0
509,42,42,46,82,51,65,42,0,0,0,0,0,0,0
506,67,72,66,91,149,143,68,0,0,0,0,0,0,0
1033,53,58,58,67,86,86,53,0,0,0,0,0,0,0
1030,142,139,141,148,53,43,135,0,0,0,0,0,0,0
1031,45,47,49,53,78,76,41,0,0,0,0,0,0,0
1036,92,89,89,98,103,110,90,0,0,0,0,0,0,0
1037,65,68,68,78,107,109,66,0,0,0,0,0,0,0
1034,94,96,95,108,124,116,89,0,0,0,0,0,0,0
501,226,225,224,202,136,155,218,0,0,0,0,0,0,0
630,99,103,103,118,169,169,97,0,0,0,0,0,0,0
631,175,179,180,198,192,196,179,0,0,0,0,0,0,0
632,52,51,54,83,38,34,53,0,0,0,0,0,0,0
633,71,67,69,78,94,100,69,0,0,0,0,0,0,0
634,69,69,68,75,91,92,72,0,0,0,0,0,0,0
1217,134,142,141,206,169,175,131,0,0,0,0,0,0,0
1214,103,102,106,102,15,11,110,0,0,0,0,0,0,0
637,219,221,222,219,177,178,220,0,0,0,0,0,0,0
638,303,327,319,339,322,287,312,0,0,0,0,0,0,0
639,82,83,84,93,110,105,84,0,0,0,0,0,0,0
1218,76,81,86,80,53,49,111,0,0,0,0,0,0,0
1219,52,56,53,71,81,69,52,0,0,0,0,0,0,0
782,34,33,33,39,44,43,37,0,0,0,0,0,0,0
783,105,105,106,109,96,84,102,0,0,0,0,0,0,0
1454,112,116,113,135,149,148,107,0,0,0,0,0,0,0
1455,116,122,121,121,107,95,119,0,0,0,0,0,0,0
1456,95,98,99,104,117,111,93,0,0,0,0,0,0,0
1457,101,97,100,104,113,118,104,0,0,0,0,0,0,0
1450,64,65,62,75,100,96,60,0,0,0,0,0,0,0
1103,59,61,61,62,52,47,63,0,0,0,0,0,0,0
1452,57,59,60,65,78,79,54,0,0,0,0,0,0,0
1101,85,92,93,108,158,153,88,0,0,0,0,0,0,0
1458,79,82,83,95,106,111,76,0,0,0,0,0,0,0
1459,62,60,67,78,109,102,56,0,0,0,0,0,0,0
1108,98,102,104,134,179,162,93,0,0,0,0,0,0,0
1109,124,127,125,144,163,154,124,0,0,0,0,0,0,0
788,351,362,356,359,271,231,341,0,0,0,0,0,0,0
789,202,220,210,211,110,77,204,0,0,0,0,0,0,0
216,47,44,45,46,47,47,47,0,0,0,0,0,0,0
217,353,357,353,449,543,521,335,0,0,0,0,0,0,0
214,38,39,43,47,82,79,38,0,0,0,0,0,0,0
215,135,138,130,186,317,296,126,0,0,0,0,0,0,0
212,45,44,47,57,103,97,41,0,0,0,0,0,0,0
213,82,81,82,81,71,71,82,0,0,0,0,0,0,0
210,83,85,88,116,150,149,78,0,0,0,0,0,0,0
211,87,95,92,102,132,129,87,0,0,0,0,0,0,0
218,56,59,58,58,24,17,61,0,0,0,0,0,0,0
219,55,55,54,61,58,63,58,0,0,0,0,0,0,0
462,62,65,62,90,149,135,57,0,0,0,0,0,0,0
4,101,104,97,117,200,197,97,0,0,0,0,0,0,0
61,80,82,85,92,108,106,79,0,0,0,0,0,0,0
1858,96,103,104,98,41,29,106,0,0,0,0,0,0,0
1859,318,334,319,356,361,357,305,0,0,0,0,0,0,0
1850,322,328,325,384,535,512,266,0,0,0,0,0,0,0
1851,156,157,159,158,110,97,156,0,0,0,0,0,0,0
1852,75,78,76,79,95,96,79,0,0,0,0,0,0,0
1853,148,157,150,195,183,179,153,0,0,0,0,0,0,0
1854,141,145,143,152,156,158,146,0,0,0,0,0,0,0
1855,232,236,246,239,121,81,236,0,0,0,0,0,0,0
1856,72,75,75,70,10,8,76,0,0,0,0,0,0,0
1857,139,140,139,132,119,124,137,0,0,0,0,0,0,0
919,50,48,49,63,83,80,45,0,0,0,0,0,0,0
918,80,80,78,92,116,115,78,0,0,0,0,0,0,0
915,106,111,107,114,150,165,105,0,0,0,0,0,0,0
914,56,57,58,66,65,61,56,0,0,0,0,0,0,0
917,73,74,75,79,63,66,75,0,0,0,0,0,0,0
916,299,315,311,345,366,350,283,0,0,0,0,0,0,0
911,65,69,70,75,79,78,63,0,0,0,0,0,0,0
910,223,224,226,252,290,292,223,0,0,0,0,0,0,0
913,63,71,71,104,204,167,61,0,0,0,0,0,0,0
912,131,132,124,137,139,135,129,0,0,0,0,0,0,0
516,88,89,91,90,89,81,88,0,0,0,0,0,0,0
1933,87,86,85,102,120,112,77,0,0,0,0,0,0,0
1932,244,246,240,239,293,321,242,0,0,0,0,0,0,0
1931,363,363,374,394,424,418,366,0,0,0,0,0,0,0
1930,98,99,101,108,123,132,97,0,0,0,0,0,0,0
1937,156,156,160,169,185,200,162,0,0,0,0,0,0,0
1936,116,120,121,149,180,184,113,0,0,0,0,0,0,0
1935,245,238,239,278,269,304,247,0,0,0,0,0,0,0
1934,69,72,73,89,121,112,72,0,0,0,0,0,0,0
1939,170,174,161,188,305,317,178,0,0,0,0,0,0,0
1938,82,84,84,127,226,200,74,0,0,0,0,0,0,0
847,49,48,51,71,134,136,49,0,0,0,0,0,0,0
846,51,52,52,63,82,73,49,0,0,0,0,0,0,0
845,59,62,63,64,68,68,62,0,0,0,0,0,0,0
844,75,77,77,86,120,111,67,0,0,0,0,0,0,0
843,59,61,61,68,91,91,60,0,0,0,0,0,0,0
842,30,30,32,40,74,78,32,0,0,0,0,0,0,0
841,39,37,38,41,45,45,42,0,0,0,0,0,0,0
840,227,243,225,307,213,211,192,0,0,0,0,0,0,0
849,73,75,74,91,137,130,70,0,0,0,0,0,0,0
848,155,154,155,156,98,88,149,0,0,0,0,0,0,0
663,78,77,77,93,111,105,71,0,0,0,0,0,0,0
1587,80,84,83,87,101,102,79,0,0,0,0,0,0,0
1739,60,60,58,66,55,56,59,0,0,0,0,0,0,0
1738,123,125,128,131,133,132,127,0,0,0,0,0,0,0
1731,57,60,57,66,87,74,56,0,0,0,0,0,0,0
1730,35,36,37,52,101,92,34,0,0,0,0,0,0,0
1733,121,132,132,130,22,11,129,0,0,0,0,0,0,0
1732,135,138,137,168,197,194,132,0,0,0,0,0,0,0
1735,72,73,67,93,130,123,66,0,0,0,0,0,0,0
1734,79,80,81,89,95,92,83,0,0,0,0,0,0,0
1737,77,74,77,79,20,16,80,0,0,0,0,0,0,0
1736,47,47,49,46,54,53,47,0,0,0,0,0,0,0
1039,302,317,308,315,309,308,327,0,0,0,0,0,0,0
753,61,63,63,74,82,69,59,0,0,0,0,0,0,0
752,64,74,105,91,141,109,72,0,0,0,0,0,0,0
751,89,90,88,93,98,106,85,0,0,0,0,0,0,0
750,132,130,130,145,140,133,129,0,0,0,0,0,0,0
757,141,147,146,166,215,215,140,0,0,0,0,0,0,0
756,175,180,176,175,147,130,175,0,0,0,0,0,0,0
755,77,86,86,101,142,131,86,0,0,0,0,0,0,0
754,132,135,133,140,144,153,135,0,0,0,0,0,0,0
759,120,118,119,116,131,117,123,0,0,0,0,0,0,0
758,68,71,70,69,57,63,68,0,0,0,0,0,0,0
1595,79,79,82,94,117,119,74,0,0,0,0,0,0,0
1594,93,96,98,132,138,128,90,0,0,0,0,0,0,0
1597,247,239,245,223,100,43,256,0,0,0,0,0,0,0
1596,165,166,164,163,133,120,166,0,0,0,0,0,0,0
1591,207,213,222,237,213,177,214,0,0,0,0,0,0,0
1590,188,188,189,209,228,253,183,0,0,0,0,0,0,0
1593,75,77,80,106,116,116,71,0,0,0,0,0,0,0
507,268,261,249,277,283,215,262,0,0,0,0,0,0,0
1599,83,85,87,98,109,109,79,0,0,0,0,0,0,0
1598,53,54,53,55,46,40,55,0,0,0,0,0,0,0
1025,135,139,135,149,194,201,138,0,0,0,0,0,0,0
1024,60,61,63,67,68,70,60,0,0,0,0,0,0,0
1027,138,140,141,148,165,158,128,0,0,0,0,0,0,0
1026,87,92,95,113,124,136,89,0,0,0,0,0,0,0
1021,118,120,120,131,164,170,118,0,0,0,0,0,0,0
1020,53,56,54,65,54,47,55,0,0,0,0,0,0,0
1023,39,37,37,44,54,51,39,0,0,0,0,0,0,0
1022,99,101,100,113,141,132,95,0,0,0,0,0,0,0
502,122,128,125,147,217,176,124,0,0,0,0,0,0,0
1115,44,44,44,49,59,57,44,0,0,0,0,0,0,0
1029,84,85,85,85,43,38,82,0,0,0,0,0,0,0
1028,64,69,69,68,37,31,70,0,0,0,0,0,0,0
503,112,109,114,111,89,75,109,0,0,0,0,0,0,0
500,129,130,131,164,236,228,118,0,0,0,0,0,0,0
1035,132,141,136,181,276,255,128,0,0,0,0,0,0,0
605,57,58,58,66,82,76,56,0,0,0,0,0,0,0
604,170,165,163,162,110,104,168,0,0,0,0,0,0,0
607,82,85,83,88,109,111,87,0,0,0,0,0,0,0
606,121,116,118,127,135,146,118,0,0,0,0,0,0,0
601,109,113,113,126,116,120,112,0,0,0,0,0,0,0
1208,108,108,107,137,193,189,99,0,0,0,0,0,0,0
603,83,86,87,88,88,87,87,0,0,0,0,0,0,0
602,67,72,74,75,92,89,70,0,0,0,0,0,0,0
1205,78,81,81,86,96,107,86,0,0,0,0,0,0,0
1204,111,112,108,127,182,175,103,0,0,0,0,0,0,0
1207,59,61,59,70,103,99,57,0,0,0,0,0,0,0
1206,45,52,48,53,65,60,54,0,0,0,0,0,0,0
609,82,82,85,84,108,114,83,0,0,0,0,0,0,0
1210,65,65,66,86,110,103,64,0,0,0,0,0,0,0
1203,141,146,148,188,282,279,132,0,0,0,0,0,0,0
1202,38,41,42,49,54,54,42,0,0,0,0,0,0,0
1211,195,196,192,244,351,375,190,0,0,0,0,0,0,0
1216,91,95,96,95,81,65,91,0,0,0,0,0,0,0
635,43,42,43,51,65,64,44,0,0,0,0,0,0,0
636,99,96,94,92,99,101,92,0,0,0,0,0,0,0
1215,44,44,46,52,60,58,44,0,0,0,0,0,0,0
1447,82,86,84,82,13,9,87,0,0,0,0,0,0,0
1446,281,305,283,295,178,167,291,0,0,0,0,0,0,0
1113,176,181,180,190,211,208,173,0,0,0,0,0,0,0
1112,74,82,83,91,84,72,77,0,0,0,0,0,0,0
1443,88,91,96,114,112,95,86,0,0,0,0,0,0,0
1114,225,225,235,223,145,145,221,0,0,0,0,0,0,0
1117,269,288,277,280,293,261,264,0,0,0,0,0,0,0
1440,119,119,120,134,156,155,118,0,0,0,0,0,0,0
1119,71,74,72,84,93,100,68,0,0,0,0,0,0,0
1118,97,99,101,135,217,214,89,0,0,0,0,0,0,0
1351,67,69,70,89,126,121,64,0,0,0,0,0,0,0
1449,107,114,116,149,130,123,106,0,0,0,0,0,0,0
1448,40,43,42,44,83,66,41,0,0,0,0,0,0,0
1350,840,782,806,719,720,639,512,0,0,0,0,0,0,0
1357,134,137,139,152,199,202,131,0,0,0,0,0,0,0
1356,123,131,127,172,218,208,118,0,0,0,0,0,0,0
1355,360,374,366,422,450,416,342,0,0,0,0,0,0,0
489,120,130,119,135,96,94,115,0,0,0,0,0,0,0
488,67,68,60,68,82,85,70,0,0,0,0,0,0,0
487,45,44,45,49,60,60,47,0,0,0,0,0,0,0
486,80,74,74,95,110,106,81,0,0,0,0,0,0,0
485,104,105,104,113,125,141,105,0,0,0,0,0,0,0
1354,218,217,218,226,245,264,217,0,0,0,0,0,0,0
483,72,76,76,77,72,49,75,0,0,0,0,0,0,0
482,79,82,79,95,134,131,76,0,0,0,0,0,0,0
481,49,52,53,61,69,69,49,0,0,0,0,0,0,0
480,67,64,70,88,86,77,65,0,0,0,0,0,0,0
695,130,133,133,170,292,272,120,0,0,0,0,0,0,0
199,156,156,155,168,190,223,167,0,0,0,0,0,0,0
198,124,127,126,122,84,71,127,0,0,0,0,0,0,0
195,47,48,50,63,113,106,44,0,0,0,0,0,0,0
194,42,40,44,45,34,31,45,0,0,0,0,0,0,0
197,44,43,46,61,90,82,43,0,0,0,0,0,0,0
196,69,73,68,93,162,170,64,0,0,0,0,0,0,0
191,71,71,74,75,61,51,71,0,0,0,0,0,0,0
190,50,52,54,72,69,49,48,0,0,0,0,0,0,0
193,126,130,125,158,188,193,118,0,0,0,0,0,0,0
192,39,42,44,53,83,81,43,0,0,0,0,0,0,0
1106,89,87,89,88,52,45,81,0,0,0,0,0,0,0
1107,27,27,28,43,62,62,31,0,0,0,0,0,0,0
1104,243,250,248,266,447,524,232,0,0,0,0,0,0,0
1105,88,89,89,99,114,102,86,0,0,0,0,0,0,0
1102,139,140,144,195,259,227,133,0,0,0,0,0,0,0
1451,118,116,115,134,154,171,121,0,0,0,0,0,0,0
1100,24,26,29,41,81,73,28,0,0,0,0,0,0,0
1453,88,97,94,123,180,182,91,0,0,0,0,0,0,0
902,85,87,90,89,53,42,85,0,0,0,0,0,0,0
903,76,76,70,82,48,43,75,0,0,0,0,0,0,0
1849,67,67,69,75,69,69,73,0,0,0,0,0,0,0
1848,62,61,61,69,83,84,63,0,0,0,0,0,0,0
906,112,111,109,116,130,137,110,0,0,0,0,0,0,0
907,82,83,83,96,117,113,74,0,0,0,0,0,0,0
904,80,84,80,93,162,167,76,0,0,0,0,0,0,0
905,88,91,89,91,114,123,84,0,0,0,0,0,0,0
1843,673,662,711,651,123,130,713,0,0,0,0,0,0,0
1842,214,207,211,215,260,270,214,0,0,0,0,0,0,0
1841,44,44,44,51,72,71,39,0,0,0,0,0,0,0
1840,39,44,43,75,53,49,38,0,0,0,0,0,0,0
1847,66,66,69,72,79,74,60,0,0,0,0,0,0,0
1846,55,57,57,66,106,112,51,0,0,0,0,0,0,0
1845,64,63,64,66,69,70,61,0,0,0,0,0,0,0
1844,96,99,100,108,122,123,95,0,0,0,0,0,0,0
1908,58,57,58,69,94,93,54,0,0,0,0,0,0,0
1909,88,88,92,85,69,51,90,0,0,0,0,0,0,0
1906,358,374,371,427,637,731,336,0,0,0,0,0,0,0
1907,109,112,116,117,82,55,114,0,0,0,0,0,0,0
1904,119,123,124,115,105,103,125,0,0,0,0,0,0,0
1905,170,176,177,198,181,161,172,0,0,0,0,0,0,0
1902,97,99,98,105,114,122,99,0,0,0,0,0,0,0
1903,220,221,219,268,308,290,204,0,0,0,0,0,0,0
1900,49,52,50,59,61,60,48,0,0,0,0,0,0,0
1901,438,449,434,520,657,753,430,0,0,0,0,0,0,0
854,463,498,463,512,628,651,493,0,0,0,0,0,0,0
855,45,45,44,47,52,54,48,0,0,0,0,0,0,0
856,44,47,47,54,71,72,46,0,0,0,0,0,0,0
857,50,52,52,58,86,78,50,0,0,0,0,0,0,0
850,173,174,195,263,231,256,164,0,0,0,0,0,0,0
851,78,81,82,84,96,104,79,0,0,0,0,0,0,0
852,90,92,93,121,207,198,77,0,0,0,0,0,0,0
853,78,84,82,106,172,164,74,0,0,0,0,0,0,0
858,96,100,103,123,125,127,93,0,0,0,0,0,0,0
859,109,107,104,109,123,132,109,0,0,0,0,0,0,0
6,98,98,96,104,108,104,89,0,0,0,0,0,0,0
611,126,132,133,143,192,192,129,0,0,0,0,0,0,0
740,75,80,81,109,136,103,75,0,0,0,0,0,0,0
741,65,66,66,75,103,105,66,0,0,0,0,0,0,0
742,629,524,550,611,597,540,623,0,0,0,0,0,0,0
743,110,114,111,112,49,35,117,0,0,0,0,0,0,0
744,66,71,70,100,170,155,63,0,0,0,0,0,0,0
745,83,85,88,88,48,32,84,0,0,0,0,0,0,0
746,65,74,74,85,97,85,69,0,0,0,0,0,0,0
747,380,383,394,393,557,589,391,0,0,0,0,0,0,0
748,116,120,120,143,172,159,111,0,0,0,0,0,0,0
749,30,32,31,35,40,37,32,0,0,0,0,0,0,0
1050,51,50,51,53,53,55,55,0,0,0,0,0,0,0
1051,43,42,44,48,65,74,44,0,0,0,0,0,0,0
1052,241,244,240,261,415,457,241,0,0,0,0,0,0,0
1053,92,92,90,94,105,114,89,0,0,0,0,0,0,0
1054,101,104,101,102,99,103,108,0,0,0,0,0,0,0
1055,73,74,72,103,137,130,68,0,0,0,0,0,0,0
1056,74,72,72,87,116,119,71,0,0,0,0,0,0,0
1057,90,91,92,92,110,110,90,0,0,0,0,0,0,0
1058,44,47,52,54,65,64,48,0,0,0,0,0,0,0
1059,95,97,98,102,119,130,98,0,0,0,0,0,0,0
1696,109,116,117,116,90,87,116,0,0,0,0,0,0,0
1697,108,111,108,140,218,211,103,0,0,0,0,0,0,0
1694,24,26,28,55,125,129,31,0,0,0,0,0,0,0
1695,86,87,84,90,105,109,85,0,0,0,0,0,0,0
1692,124,133,138,159,186,278,145,0,0,0,0,0,0,0
1693,80,77,77,91,118,123,84,0,0,0,0,0,0,0
1690,294,307,312,332,283,247,297,0,0,0,0,0,0,0
1691,42,43,43,50,62,60,40,0,0,0,0,0,0,0
1791,101,104,100,115,116,113,95,0,0,0,0,0,0,0
1698,356,369,373,386,206,157,389,0,0,0,0,0,0,0
1699,78,81,80,91,116,122,74,0,0,0,0,0,0,0
1278,39,40,42,61,119,108,39,0,0,0,0,0,0,0
1279,77,80,81,88,94,80,77,0,0,0,0,0,0,0
618,160,168,167,166,114,107,174,0,0,0,0,0,0,0
619,37,38,40,52,76,71,40,0,0,0,0,0,0,0
612,89,87,89,100,110,119,85,0,0,0,0,0,0,0
613,160,165,171,186,273,313,170,0,0,0,0,0,0,0
1272,117,117,113,109,88,88,115,0,0,0,0,0,0,0
1273,133,133,135,153,155,142,126,0,0,0,0,0,0,0
1274,70,72,73,79,79,81,75,0,0,0,0,0,0,0
1275,89,94,95,115,130,124,86,0,0,0,0,0,0,0
1276,128,134,134,127,102,95,139,0,0,0,0,0,0,0
1277,59,59,58,71,91,76,54,0,0,0,0,0,0,0
1795,84,89,91,97,122,122,83,0,0,0,0,0,0,0
1794,105,108,100,121,159,164,111,0,0,0,0,0,0,0
1491,83,87,86,96,108,119,84,0,0,0,0,0,0,0
1472,318,316,307,355,397,423,317,0,0,0,0,0,0,0
1473,109,111,110,120,140,138,106,0,0,0,0,0,0,0
1470,58,62,59,95,151,130,57,0,0,0,0,0,0,0
1471,61,62,62,80,121,116,59,0,0,0,0,0,0,0
1476,61,62,63,70,83,72,60,0,0,0,0,0,0,0
1477,220,237,234,251,129,115,240,0,0,0,0,0,0,0
1474,162,161,173,201,281,296,152,0,0,0,0,0,0,0
1475,39,38,38,49,68,64,37,0,0,0,0,0,0,0
1478,206,205,203,218,219,250,224,0,0,0,0,0,0,0
1479,71,76,82,120,177,169,69,0,0,0,0,0,0,0
1304,75,80,82,94,124,132,77,0,0,0,0,0,0,0
1305,181,177,175,166,169,188,172,0,0,0,0,0,0,0
1306,328,337,333,365,594,602,336,0,0,0,0,0,0,0
1307,97,90,88,104,99,99,90,0,0,0,0,0,0,0
1300,56,54,57,74,97,96,54,0,0,0,0,0,0,0
1301,97,96,96,113,142,133,91,0,0,0,0,0,0,0
1302,497,506,484,634,1138,1167,500,0,0,0,0,0,0,0
1303,178,188,183,190,167,158,185,0,0,0,0,0,0,0
1308,345,350,336,386,373,373,327,0,0,0,0,0,0,0
1309,251,252,260,276,214,214,240,0,0,0,0,0,0,0
498,78,78,75,82,90,95,82,0,0,0,0,0,0,0
499,54,59,57,65,74,69,53,0,0,0,0,0,0,0
1499,111,113,110,118,151,158,110,0,0,0,0,0,0,0
494,79,70,68,87,112,119,72,0,0,0,0,0,0,0
495,66,65,67,82,147,140,53,0,0,0,0,0,0,0
496,121,120,122,129,130,131,119,0,0,0,0,0,0,0
497,71,75,67,97,103,107,61,0,0,0,0,0,0,0
490,49,44,47,53,80,79,39,0,0,0,0,0,0,0
491,176,182,149,198,262,283,203,0,0,0,0,0,0,0
492,63,62,61,71,87,84,69,0,0,0,0,0,0,0
493,112,115,113,114,122,127,110,0,0,0,0,0,0,0
24,61,62,61,74,106,107,59,0,0,0,0,0,0,0
25,114,113,112,130,145,135,108,0,0,0,0,0,0,0
26,58,61,63,70,132,133,58,0,0,0,0,0,0,0
27,88,92,91,89,90,85,88,0,0,0,0,0,0,0
20,163,166,163,165,147,139,167,0,0,0,0,0,0,0
21,83,84,85,93,130,127,78,0,0,0,0,0,0,0
22,112,111,112,123,121,124,104,0,0,0,0,0,0,0
23,96,105,105,108,64,51,101,0,0,0,0,0,0,0
28,60,65,65,77,93,90,63,0,0,0,0,0,0,0
29,100,102,105,136,205,189,99,0,0,0,0,0,0,0
7,98,105,102,129,168,171,103,0,0,0,0,0,0,0
1087,61,62,57,85,137,124,59,0,0,0,0,0,0,0
1086,72,73,64,84,99,92,68,0,0,0,0,0,0,0
1085,120,128,128,167,245,232,115,0,0,0,0,0,0,0
1876,205,215,216,241,236,222,195,0,0,0,0,0,0,0
1877,132,132,132,156,192,187,129,0,0,0,0,0,0,0
1874,201,204,192,204,228,232,179,0,0,0,0,0,0,0
1875,869,814,839,758,54,47,849,0,0,0,0,0,0,0
1872,234,244,237,263,304,345,246,0,0,0,0,0,0,0
1873,144,150,144,139,109,109,147,0,0,0,0,0,0,0
1870,130,132,131,124,82,66,125,0,0,0,0,0,0,0
1871,40,41,41,49,76,69,41,0,0,0,0,0,0,0
1083,117,119,115,126,133,123,114,0,0,0,0,0,0,0
1878,136,139,136,143,136,143,137,0,0,0,0,0,0,0
1879,76,79,79,79,91,97,80,0,0,0,0,0,0,0
977,104,106,106,110,109,105,106,0,0,0,0,0,0,0
976,79,84,85,83,85,73,84,0,0,0,0,0,0,0
975,127,127,126,139,136,130,120,0,0,0,0,0,0,0
974,155,151,155,145,118,117,147,0,0,0,0,0,0,0
973,181,189,182,196,217,213,182,0,0,0,0,0,0,0
972,164,177,172,195,226,214,156,0,0,0,0,0,0,0
971,100,103,100,108,130,133,107,0,0,0,0,0,0,0
970,116,122,121,124,81,78,122,0,0,0,0,0,0,0
596,41,43,46,47,55,55,43,0,0,0,0,0,0,0
979,111,110,108,122,160,175,109,0,0,0,0,0,0,0
978,170,175,174,178,165,150,171,0,0,0,0,0,0,0
182,35,38,36,44,60,56,36,0,0,0,0,0,0,0
183,193,201,190,209,140,119,192,0,0,0,0,0,0,0
180,255,255,253,271,324,416,258,0,0,0,0,0,0,0
181,65,70,68,78,101,98,64,0,0,0,0,0,0,0
186,134,137,134,154,214,212,124,0,0,0,0,0,0,0
187,81,85,83,90,82,72,84,0,0,0,0,0,0,0
184,72,76,73,79,96,89,71,0,0,0,0,0,0,0
185,111,114,112,113,115,118,117,0,0,0,0,0,0,0
188,92,86,87,95,111,115,88,0,0,0,0,0,0,0
189,379,385,368,405,579,553,376,0,0,0,0,0,0,0
1919,126,125,133,137,125,125,128,0,0,0,0,0,0,0
1918,5,7,11,9,10,7,11,0,0,0,0,0,0,0
1911,99,99,102,130,168,151,94,0,0,0,0,0,0,0
1910,56,58,55,52,55,49,56,0,0,0,0,0,0,0
1913,43,44,44,45,46,46,44,0,0,0,0,0,0,0
1912,148,151,149,177,200,197,138,0,0,0,0,0,0,0
1915,92,92,91,94,76,75,87,0,0,0,0,0,0,0
1914,149,156,149,167,157,157,153,0,0,0,0,0,0,0
1917,110,109,108,118,136,146,108,0,0,0,0,0,0,0
1916,113,114,113,118,114,110,115,0,0,0,0,0,0,0
869,295,297,297,356,439,432,303,0,0,0,0,0,0,0
868,267,253,254,256,259,248,253,0,0,0,0,0,0,0
861,116,125,123,134,146,154,120,0,0,0,0,0,0,0
860,549,526,538,568,804,887,527,0,0,0,0,0,0,0
863,67,66,67,66,62,70,70,0,0,0,0,0,0,0
862,177,178,176,197,218,242,174,0,0,0,0,0,0,0
865,212,217,210,235,361,372,208,0,0,0,0,0,0,0
864,576,570,589,637,643,733,510,0,0,0,0,0,0,0
867,150,153,146,148,131,120,152,0,0,0,0,0,0,0
866,280,298,296,287,108,49,294,0,0,0,0,0,0,0
883,89,87,87,89,95,101,88,0,0,0,0,0,0,0
882,85,87,90,95,122,116,88,0,0,0,0,0,0,0
881,109,109,112,132,125,134,109,0,0,0,0,0,0,0
880,71,70,71,74,75,76,69,0,0,0,0,0,0,0
887,44,45,47,69,141,131,41,0,0,0,0,0,0,0
886,66,66,66,73,91,92,64,0,0,0,0,0,0,0
885,107,110,110,134,163,161,102,0,0,0,0,0,0,0
884,164,168,168,170,146,153,169,0,0,0,0,0,0,0
889,104,105,104,122,158,173,101,0,0,0,0,0,0,0
888,93,95,97,93,58,50,98,0,0,0,0,0,0,0
775,342,341,325,387,356,324,326,0,0,0,0,0,0,0
774,157,159,158,177,195,184,155,0,0,0,0,0,0,0
777,180,186,182,196,145,141,195,0,0,0,0,0,0,0
776,203,215,204,226,347,390,201,0,0,0,0,0,0,0
771,88,92,94,104,126,125,88,0,0,0,0,0,0,0
770,48,48,50,59,70,67,46,0,0,0,0,0,0,0
773,130,139,139,167,229,216,123,0,0,0,0,0,0,0
772,137,137,138,152,194,199,126,0,0,0,0,0,0,0
779,193,199,197,214,207,244,208,0,0,0,0,0,0,0
778,131,135,137,132,98,94,130,0,0,0,0,0,0,0
77,109,115,114,131,119,128,117,0,0,0,0,0,0,0
76,43,45,47,56,87,72,48,0,0,0,0,0,0,0
75,87,86,85,92,95,98,78,0,0,0,0,0,0,0
74,109,112,110,121,140,145,111,0,0,0,0,0,0,0
73,95,95,98,102,113,113,95,0,0,0,0,0,0,0
72,537,531,514,545,515,537,500,0,0,0,0,0,0,0
71,149,151,145,165,159,158,152,0,0,0,0,0,0,0
70,53,52,50,59,83,80,51,0,0,0,0,0,0,0
79,161,160,159,152,61,54,154,0,0,0,0,0,0,0
78,58,60,59,57,59,58,59,0,0,0,0,0,0,0
1043,170,173,172,207,264,243,163,0,0,0,0,0,0,0
1042,104,109,107,127,171,168,108,0,0,0,0,0,0,0
1041,130,141,141,159,204,206,136,0,0,0,0,0,0,0
1040,50,50,51,68,103,101,46,0,0,0,0,0,0,0
1047,154,147,146,140,101,82,148,0,0,0,0,0,0,0
1046,51,54,54,58,57,61,50,0,0,0,0,0,0,0
1045,108,109,102,132,187,198,109,0,0,0,0,0,0,0
1044,59,59,62,78,103,97,56,0,0,0,0,0,0,0
1049,102,104,104,116,127,117,97,0,0,0,0,0,0,0
1048,61,66,68,64,63,58,66,0,0,0,0,0,0,0
1681,52,48,51,62,93,89,48,0,0,0,0,0,0,0
1680,138,148,148,150,110,100,150,0,0,0,0,0,0,0
1683,40,44,46,61,108,99,36,0,0,0,0,0,0,0
1682,86,90,91,106,137,121,83,0,0,0,0,0,0,0
1685,105,106,104,99,89,82,105,0,0,0,0,0,0,0
1684,71,75,67,87,115,111,71,0,0,0,0,0,0,0
1687,493,506,497,621,801,814,490,0,0,0,0,0,0,0
1686,82,90,96,95,28,18,91,0,0,0,0,0,0,0
1689,81,85,86,96,122,120,80,0,0,0,0,0,0,0
1688,94,98,95,94,88,88,99,0,0,0,0,0,0,0
358,146,149,154,158,123,127,146,0,0,0,0,0,0,0
1269,420,426,404,435,368,422,418,0,0,0,0,0,0,0
1268,325,323,318,328,347,344,327,0,0,0,0,0,0,0
669,87,91,89,96,117,116,84,0,0,0,0,0,0,0
668,129,135,166,185,283,329,123,0,0,0,0,0,0,0
1263,263,268,259,344,414,417,267,0,0,0,0,0,0,0
666,76,78,80,81,56,46,72,0,0,0,0,0,0,0
1261,114,115,115,109,50,41,113,0,0,0,0,0,0,0
664,64,65,63,77,97,91,64,0,0,0,0,0,0,0
1267,145,153,145,163,219,247,149,0,0,0,0,0,0,0
662,84,84,85,81,61,51,88,0,0,0,0,0,0,0
1265,43,47,49,62,58,57,42,0,0,0,0,0,0,0
1264,94,100,97,115,211,205,97,0,0,0,0,0,0,0
640,144,152,140,146,174,180,133,0,0,0,0,0,0,0
264,81,83,82,91,120,124,97,0,0,0,0,0,0,0
1469,498,496,495,630,756,729,482,0,0,0,0,0,0,0
1468,128,131,134,148,208,233,128,0,0,0,0,0,0,0
1465,211,215,214,253,401,390,223,0,0,0,0,0,0,0
1464,120,127,117,148,180,207,123,0,0,0,0,0,0,0
1467,133,133,134,143,154,150,127,0,0,0,0,0,0,0
1466,92,96,94,106,118,122,97,0,0,0,0,0,0,0
1461,353,376,347,447,575,572,364,0,0,0,0,0,0,0
1460,42,44,44,64,118,113,42,0,0,0,0,0,0,0
1463,63,63,65,81,89,87,69,0,0,0,0,0,0,0
1462,136,139,141,136,117,106,140,0,0,0,0,0,0,0
1317,115,115,110,122,130,142,110,0,0,0,0,0,0,0
1316,52,50,53,70,109,103,46,0,0,0,0,0,0,0
1315,209,219,199,233,290,261,195,0,0,0,0,0,0,0
1314,194,198,204,219,252,241,192,0,0,0,0,0,0,0
1313,44,47,48,58,85,70,46,0,0,0,0,0,0,0
1312,113,116,113,121,133,121,112,0,0,0,0,0,0,0
1311,84,88,89,102,130,125,83,0,0,0,0,0,0,0
1310,284,289,297,302,429,437,289,0,0,0,0,0,0,0
1319,41,41,41,44,56,53,42,0,0,0,0,0,0,0
1318,58,60,63,78,137,143,58,0,0,0,0,0,0,0
528,363,410,395,450,639,728,360,0,0,0,0,0,0,0
464,74,79,74,99,163,149,74,0,0,0,0,0,0,0
529,127,126,128,120,98,90,128,0,0,0,0,0,0,0
319,229,230,239,231,221,226,248,0,0,0,0,0,0,0
318,137,140,141,165,195,183,131,0,0,0,0,0,0,0
313,502,518,531,430,320,59,547,0,0,0,0,0,0,0
312,107,110,108,111,112,116,109,0,0,0,0,0,0,0
311,110,109,109,120,28,16,114,0,0,0,0,0,0,0
310,147,151,153,166,211,232,151,0,0,0,0,0,0,0
317,53,51,53,66,118,112,44,0,0,0,0,0,0,0
316,189,202,198,204,163,179,211,0,0,0,0,0,0,0
315,168,168,170,174,195,184,162,0,0,0,0,0,0,0
314,127,127,127,151,174,148,122,0,0,0,0,0,0,0
1335,86,89,88,114,205,206,85,0,0,0,0,0,0,0
1334,77,83,83,88,77,65,80,0,0,0,0,0,0,0
441,182,181,184,206,312,340,184,0,0,0,0,0,0,0
440,77,81,80,81,80,82,81,0,0,0,0,0,0,0
447,229,234,233,230,107,95,224,0,0,0,0,0,0,0
1330,60,65,67,69,74,60,61,0,0,0,0,0,0,0
1333,84,90,89,90,89,93,86,0,0,0,0,0,0,0
1332,100,104,108,133,221,225,102,0,0,0,0,0,0,0
403,92,92,94,104,123,112,88,0,0,0,0,0,0,0
402,223,224,233,235,223,228,224,0,0,0,0,0,0,0
1861,175,179,180,220,330,328,184,0,0,0,0,0,0,0
1860,87,88,88,120,194,192,81,0,0,0,0,0,0,0
1863,96,92,94,110,134,134,90,0,0,0,0,0,0,0
1862,42,42,43,59,99,93,37,0,0,0,0,0,0,0
1865,54,53,53,72,122,116,49,0,0,0,0,0,0,0
1864,115,118,119,116,112,111,119,0,0,0,0,0,0,0
1867,234,234,240,242,79,48,234,0,0,0,0,0,0,0
1866,102,109,103,97,71,56,109,0,0,0,0,0,0,0
1869,51,56,53,66,91,90,51,0,0,0,0,0,0,0
1868,60,62,65,74,75,72,63,0,0,0,0,0,0,0
964,138,153,150,200,169,168,138,0,0,0,0,0,0,0
965,72,75,77,84,101,90,76,0,0,0,0,0,0,0
966,107,105,107,106,110,121,107,0,0,0,0,0,0,0
967,101,102,99,99,88,75,94,0,0,0,0,0,0,0
960,88,90,90,90,72,68,89,0,0,0,0,0,0,0
961,277,289,274,317,345,304,267,0,0,0,0,0,0,0
962,106,105,105,116,133,132,108,0,0,0,0,0,0,0
963,140,132,134,133,56,52,126,0,0,0,0,0,0,0
1613,348,356,358,367,85,78,344,0,0,0,0,0,0,0
401,91,94,96,103,91,90,89,0,0,0,0,0,0,0
968,125,129,131,139,146,135,127,0,0,0,0,0,0,0
969,135,136,135,150,184,173,132,0,0,0,0,0,0,0
286,531,539,562,525,320,327,509,0,0,0,0,0,0,0
1241,29,30,29,52,110,104,30,0,0,0,0,0,0,0
878,49,49,49,57,61,60,48,0,0,0,0,0,0,0
879,47,49,51,62,86,85,47,0,0,0,0,0,0,0
876,293,291,275,286,256,271,280,0,0,0,0,0,0,0
877,221,221,227,245,192,183,219,0,0,0,0,0,0,0
874,187,194,190,206,214,187,201,0,0,0,0,0,0,0
875,101,98,103,95,69,65,98,0,0,0,0,0,0,0
872,268,282,278,269,124,80,287,0,0,0,0,0,0,0
1243,37,40,39,36,32,32,41,0,0,0,0,0,0,0
870,233,232,227,239,274,297,234,0,0,0,0,0,0,0
871,67,69,68,80,95,99,66,0,0,0,0,0,0,0
1534,106,109,109,119,116,113,106,0,0,0,0,0,0,0
9,213,215,209,225,287,305,220,0,0,0,0,0,0,0
1533,102,101,97,133,189,173,91,0,0,0,0,0,0,0
1532,91,95,97,96,70,71,94,0,0,0,0,0,0,0
890,41,43,45,47,58,50,42,0,0,0,0,0,0,0
891,566,652,623,766,1071,975,509,0,0,0,0,0,0,0
892,182,187,188,190,168,155,185,0,0,0,0,0,0,0
893,52,54,52,62,82,75,50,0,0,0,0,0,0,0
894,93,99,99,103,124,123,97,0,0,0,0,0,0,0
895,174,172,174,178,160,144,170,0,0,0,0,0,0,0
896,99,99,102,103,88,87,101,0,0,0,0,0,0,0
897,271,289,285,378,595,565,263,0,0,0,0,0,0,0
898,104,104,107,101,94,83,110,0,0,0,0,0,0,0
899,109,114,105,130,212,243,115,0,0,0,0,0,0,0
1530,72,75,75,82,70,67,72,0,0,0,0,0,0,0
1249,221,219,215,223,188,175,218,0,0,0,0,0,0,0
1248,108,114,113,127,149,133,107,0,0,0,0,0,0,0
1537,69,68,66,80,120,110,64,0,0,0,0,0,0,0
1616,416,420,404,446,516,577,413,0,0,0,0,0,0,0
422,57,58,61,70,88,93,62,0,0,0,0,0,0,0
1965,112,110,111,119,133,136,112,0,0,0,0,0,0,0
1614,64,69,71,76,112,126,65,0,0,0,0,0,0,0
1788,50,47,49,51,56,58,49,0,0,0,0,0,0,0
1789,124,123,122,121,103,95,119,0,0,0,0,0,0,0
768,130,131,136,142,113,117,130,0,0,0,0,0,0,0
1967,173,171,170,194,272,267,171,0,0,0,0,0,0,0
1780,81,87,86,93,116,108,84,0,0,0,0,0,0,0
763,103,101,104,114,134,137,101,0,0,0,0,0,0,0
1782,96,100,101,111,124,113,95,0,0,0,0,0,0,0
761,91,92,93,99,113,109,92,0,0,0,0,0,0,0
766,45,45,45,59,76,75,43,0,0,0,0,0,0,0
1785,62,66,69,76,91,85,64,0,0,0,0,0,0,0
1786,168,171,171,181,177,203,171,0,0,0,0,0,0,0
1787,130,128,123,125,111,124,127,0,0,0,0,0,0,0
1962,129,128,129,138,152,157,129,0,0,0,0,0,0,0
1963,121,121,125,122,94,77,122,0,0,0,0,0,0,0
1078,113,115,112,110,95,100,115,0,0,0,0,0,0,0
1079,61,62,62,69,63,53,62,0,0,0,0,0,0,0
1076,86,86,84,91,114,119,88,0,0,0,0,0,0,0
1077,51,53,54,57,67,68,50,0,0,0,0,0,0,0
1074,103,107,106,141,195,191,90,0,0,0,0,0,0,0
1075,57,57,58,68,82,80,56,0,0,0,0,0,0,0
1072,463,459,445,427,391,393,466,0,0,0,0,0,0,0
1073,64,65,68,70,76,75,65,0,0,0,0,0,0,0
1070,75,84,83,83,71,93,85,0,0,0,0,0,0,0
1071,388,387,377,387,376,454,425,0,0,0,0,0,0,0
1678,79,82,77,85,97,97,80,0,0,0,0,0,0,0
1679,142,145,140,143,61,42,146,0,0,0,0,0,0,0
1674,62,62,64,68,76,76,64,0,0,0,0,0,0,0
1675,77,80,81,92,121,107,74,0,0,0,0,0,0,0
1676,106,110,109,115,117,117,111,0,0,0,0,0,0,0
1677,111,111,112,126,169,146,100,0,0,0,0,0,0,0
1670,157,157,162,202,282,265,149,0,0,0,0,0,0,0
1671,80,86,86,95,130,130,81,0,0,0,0,0,0,0
1672,71,72,72,94,147,127,68,0,0,0,0,0,0,0
1673,233,238,233,273,375,389,240,0,0,0,0,0,0,0
1094,129,127,129,156,207,209,120,0,0,0,0,0,0,0
1095,88,93,93,109,130,121,89,0,0,0,0,0,0,0
1096,127,123,124,125,114,122,118,0,0,0,0,0,0,0
1097,39,40,42,51,52,50,42,0,0,0,0,0,0,0
1090,387,384,398,399,206,151,394,0,0,0,0,0,0,0
1091,84,86,87,85,89,82,81,0,0,0,0,0,0,0
1092,135,136,134,153,192,193,126,0,0,0,0,0,0,0
1093,151,156,159,156,72,39,173,0,0,0,0,0,0,0
674,141,154,161,161,93,35,192,0,0,0,0,0,0,0
675,61,63,61,73,85,77,60,0,0,0,0,0,0,0
676,113,116,113,139,190,180,112,0,0,0,0,0,0,0
677,103,106,107,114,126,119,106,0,0,0,0,0,0,0
1098,210,227,224,211,167,201,220,0,0,0,0,0,0,0
671,181,192,185,209,263,317,183,0,0,0,0,0,0,0
672,85,91,91,115,166,174,85,0,0,0,0,0,0,0
673,83,86,85,90,108,107,84,0,0,0,0,0,0,0
1997,290,293,276,266,125,125,281,0,0,0,0,0,0,0
1418,88,92,92,94,93,95,90,0,0,0,0,0,0,0
1419,136,142,139,144,123,123,138,0,0,0,0,0,0,0
1410,130,134,136,157,206,185,121,0,0,0,0,0,0,0
1411,146,146,149,166,187,179,136,0,0,0,0,0,0,0
1412,115,121,121,158,266,253,105,0,0,0,0,0,0,0
1413,91,94,92,90,80,71,91,0,0,0,0,0,0,0
1414,43,41,42,47,61,57,43,0,0,0,0,0,0,0
1415,68,70,69,74,91,97,69,0,0,0,0,0,0,0
1416,45,47,49,65,104,100,43,0,0,0,0,0,0,0
1417,157,159,156,162,174,188,156,0,0,0,0,0,0,0
1322,177,180,176,214,312,280,171,0,0,0,0,0,0,0
1323,116,117,117,117,112,110,111,0,0,0,0,0,0,0
1320,91,92,95,88,27,21,93,0,0,0,0,0,0,0
1321,55,58,59,68,84,88,55,0,0,0,0,0,0,0
1326,426,460,472,497,634,604,439,0,0,0,0,0,0,0
1327,115,118,116,119,131,150,118,0,0,0,0,0,0,0
1324,163,172,171,173,152,149,161,0,0,0,0,0,0,0
1325,131,133,131,148,169,162,126,0,0,0,0,0,0,0
1328,52,52,50,57,79,74,49,0,0,0,0,0,0,0
1329,77,78,80,85,75,72,83,0,0,0,0,0,0,0
5,230,224,229,215,225,264,257,0,0,0,0,0,0,0
1531,93,95,94,97,102,108,95,0,0,0,0,0,0,0
1524,126,126,126,145,185,174,126,0,0,0,0,0,0,0
1257,255,265,249,298,423,385,257,0,0,0,0,0,0,0
1526,69,98,92,67,48,74,79,0,0,0,0,0,0,0
1527,59,61,62,69,93,96,54,0,0,0,0,0,0,0
1520,39,39,40,46,58,49,42,0,0,0,0,0,0,0
1521,107,108,107,106,102,104,108,0,0,0,0,0,0,0
1250,190,204,204,194,136,117,204,0,0,0,0,0,0,0
1523,112,117,117,117,95,89,111,0,0,0,0,0,0,0
1528,400,397,374,376,346,398,392,0,0,0,0,0,0,0
1529,40,45,44,42,35,36,44,0,0,0,0,0,0,0
1258,221,218,211,222,249,246,223,0,0,0,0,0,0,0
1259,54,53,55,52,55,52,54,0,0,0,0,0,0,0
308,121,113,110,113,58,55,103,0,0,0,0,0,0,0
309,156,157,162,161,131,112,162,0,0,0,0,0,0,0
300,48,49,51,67,65,65,52,0,0,0,0,0,0,0
301,65,70,72,79,94,87,64,0,0,0,0,0,0,0
302,139,143,142,138,106,120,147,0,0,0,0,0,0,0
303,49,48,48,63,103,96,45,0,0,0,0,0,0,0
304,206,213,205,229,243,232,199,0,0,0,0,0,0,0
305,107,114,112,138,169,149,106,0,0,0,0,0,0,0
306,565,570,584,458,133,121,519,0,0,0,0,0,0,0
307,62,63,65,82,113,108,64,0,0,0,0,0,0,0
1898,269,269,283,345,386,345,269,0,0,0,0,0,0,0
1899,19,21,21,24,29,28,23,0,0,0,0,0,0,0
1894,196,208,206,202,67,44,213,0,0,0,0,0,0,0
1895,155,158,154,170,166,159,157,0,0,0,0,0,0,0
1896,43,42,40,48,58,68,46,0,0,0,0,0,0,0
1897,78,78,80,78,77,81,80,0,0,0,0,0,0,0
1890,400,383,386,398,212,197,388,0,0,0,0,0,0,0
1891,42,42,44,49,53,52,43,0,0,0,0,0,0,0
1892,80,82,80,99,138,147,80,0,0,0,0,0,0,0
1893,50,52,55,61,81,82,51,0,0,0,0,0,0,0
959,214,215,206,215,251,263,212,0,0,0,0,0,0,0
958,137,146,144,142,81,65,154,0,0,0,0,0,0,0
951,171,174,174,206,255,235,164,0,0,0,0,0,0,0
950,148,154,145,152,165,175,152,0,0,0,0,0,0,0
953,160,159,161,171,187,203,157,0,0,0,0,0,0,0
952,94,97,95,106,79,80,92,0,0,0,0,0,0,0
955,105,109,108,116,164,192,107,0,0,0,0,0,0,0
954,96,101,97,95,97,101,99,0,0,0,0,0,0,0
957,189,199,203,219,304,314,189,0,0,0,0,0,0,0
956,30,32,33,40,53,52,36,0,0,0,0,0,0,0
2000,167,162,164,150,79,75,170,0,0,0,0,0,0,0
667,273,277,264,282,265,281,266,0,0,0,0,0,0,0
1262,103,103,103,109,118,123,99,0,0,0,0,0,0,0
504,64,67,68,79,92,85,64,0,0,0,0,0,0,0
665,74,73,75,89,123,119,72,0,0,0,0,0,0,0
1799,115,116,116,112,106,107,124,0,0,0,0,0,0,0
1798,62,64,66,65,53,43,68,0,0,0,0,0,0,0
719,106,108,107,128,181,192,104,0,0,0,0,0,0,0
718,60,56,59,70,91,85,62,0,0,0,0,0,0,0
717,95,100,99,124,161,158,96,0,0,0,0,0,0,0
1792,109,112,113,124,142,135,103,0,0,0,0,0,0,0
715,235,232,230,259,343,341,219,0,0,0,0,0,0,0
1790,300,307,290,333,259,275,284,0,0,0,0,0,0,0
1797,87,88,85,93,62,42,98,0,0,0,0,0,0,0
712,80,83,84,95,144,144,80,0,0,0,0,0,0,0
711,119,121,121,120,79,72,123,0,0,0,0,0,0,0
710,63,66,69,75,86,79,62,0,0,0,0,0,0,0
661,115,113,106,127,147,143,98,0,0,0,0,0,0,0
716,143,145,144,144,114,101,138,0,0,0,0,0,0,0
505,108,111,113,115,50,26,116,0,0,0,0,0,0,0
660,48,47,46,54,67,70,51,0,0,0,0,0,0,0
1069,121,127,126,155,218,196,119,0,0,0,0,0,0,0
1068,55,55,54,64,50,48,55,0,0,0,0,0,0,0
1061,133,138,137,166,189,179,129,0,0,0,0,0,0,0
1060,221,234,236,220,178,169,230,0,0,0,0,0,0,0
1063,42,42,42,50,76,66,42,0,0,0,0,0,0,0
1062,83,87,85,92,93,93,81,0,0,0,0,0,0,0
1065,99,99,103,99,101,105,97,0,0,0,0,0,0,0
1064,56,57,59,67,69,60,57,0,0,0,0,0,0,0
1067,181,185,182,194,173,190,186,0,0,0,0,0,0,0
1066,170,171,165,191,224,213,163,0,0,0,0,0,0,0
1669,81,83,85,89,112,120,84,0,0,0,0,0,0,0
1668,104,106,107,139,183,167,100,0,0,0,0,0,0,0
1667,362,362,373,404,368,335,346,0,0,0,0,0,0,0
1666,148,154,158,195,281,249,162,0,0,0,0,0,0,0
1665,109,117,114,118,106,71,115,0,0,0,0,0,0,0
1664,64,67,71,90,96,99,65,0,0,0,0,0,0,0
1663,305,314,305,331,373,369,300,0,0,0,0,0,0,0
1662,76,83,81,92,124,112,75,0,0,0,0,0,0,0
1661,382,381,302,432,608,620,333,0,0,0,0,0,0,0
1660,53,54,55,66,102,99,51,0,0,0,0,0,0,0
591,52,52,52,59,81,70,48,0,0,0,0,0,0,0
590,121,122,121,129,135,138,119,0,0,0,0,0,0,0
593,170,175,183,242,363,291,168,0,0,0,0,0,0,0
592,304,302,304,329,472,501,313,0,0,0,0,0,0,0
595,408,392,400,374,162,202,419,0,0,0,0,0,0,0
594,41,40,44,65,137,117,38,0,0,0,0,0,0,0
597,67,67,66,70,76,80,68,0,0,0,0,0,0,0
1080,42,44,46,49,57,57,47,0,0,0,0,0,0,0
599,44,41,43,47,58,60,47,0,0,0,0,0,0,0
598,79,83,80,97,90,90,79,0,0,0,0,0,0,0
1089,46,43,46,51,80,77,43,0,0,0,0,0,0,0
1088,107,106,104,120,134,134,103,0,0,0,0,0,0,0
714,126,131,127,145,238,235,126,0,0,0,0,0,0,0
713,204,203,201,212,208,199,189,0,0,0,0,0,0,0
1409,244,240,242,239,248,269,230,0,0,0,0,0,0,0
1408,84,83,74,85,83,90,78,0,0,0,0,0,0,0
1403,124,133,136,148,203,211,128,0,0,0,0,0,0,0
1402,100,99,99,98,68,60,97,0,0,0,0,0,0,0
1401,89,91,94,96,102,99,91,0,0,0,0,0,0,0
1400,176,186,180,160,142,143,180,0,0,0,0,0,0,0
1407,79,84,91,90,57,54,84,0,0,0,0,0,0,0
1406,58,62,61,61,61,61,59,0,0,0,0,0,0,0
1405,69,69,67,72,69,73,70,0,0,0,0,0,0,0
1404,142,140,143,161,153,150,141,0,0,0,0,0,0,0
692,88,90,90,106,124,129,83,0,0,0,0,0,0,0
449,26,28,30,41,85,83,29,0,0,0,0,0,0,0
448,158,163,162,160,68,55,174,0,0,0,0,0,0,0
1339,149,154,153,187,217,223,142,0,0,0,0,0,0,0
1338,135,138,135,148,146,140,132,0,0,0,0,0,0,0
693,62,63,65,67,69,67,63,0,0,0,0,0,0,0
443,58,57,58,72,89,88,52,0,0,0,0,0,0,0
442,82,85,84,98,135,114,80,0,0,0,0,0,0,0
1337,31,30,32,57,105,91,33,0,0,0,0,0,0,0
1336,61,61,62,65,69,69,61,0,0,0,0,0,0,0
1331,28,31,31,44,68,65,30,0,0,0,0,0,0,0
446,38,37,38,40,56,53,39,0,0,0,0,0,0,0
445,159,159,164,213,256,203,147,0,0,0,0,0,0,0
444,119,112,108,115,99,99,100,0,0,0,0,0,0,0
1545,81,85,87,87,96,99,82,0,0,0,0,0,0,0
696,84,87,87,89,93,98,85,0,0,0,0,0,0,0
697,109,112,109,107,84,87,112,0,0,0,0,0,0,0
39,210,202,204,220,292,343,206,0,0,0,0,0,0,0
38,106,103,107,103,65,61,105,0,0,0,0,0,0,0
694,147,145,148,147,110,107,146,0,0,0,0,0,0,0
33,54,56,58,68,102,90,58,0,0,0,0,0,0,0
32,415,437,423,432,178,118,414,0,0,0,0,0,0,0
31,308,312,299,343,599,591,320,0,0,0,0,0,0,0
30,47,50,52,51,54,53,49,0,0,0,0,0,0,0
37,195,188,196,222,278,304,187,0,0,0,0,0,0,0
36,58,64,64,67,79,81,63,0,0,0,0,0,0,0
35,116,121,128,134,198,202,123,0,0,0,0,0,0,0
34,366,393,362,443,558,465,357,0,0,0,0,0,0,0
641,58,57,60,62,65,61,58,0,0,0,0,0,0,0
1536,104,107,109,123,123,133,105,0,0,0,0,0,0,0
643,92,93,91,96,100,103,93,0,0,0,0,0,0,0
642,136,140,140,154,152,148,140,0,0,0,0,0,0,0
645,120,127,128,121,109,101,123,0,0,0,0,0,0,0
644,39,39,42,48,76,77,42,0,0,0,0,0,0,0
647,123,120,122,142,184,169,116,0,0,0,0,0,0,0
646,84,84,86,89,82,86,94,0,0,0,0,0,0,0
649,163,172,172,177,95,93,170,0,0,0,0,0,0,0
648,91,95,98,102,111,108,93,0,0,0,0,0,0,0
1539,142,145,146,168,211,209,134,0,0,0,0,0,0,0
1538,102,108,106,122,154,152,107,0,0,0,0,0,0,0
339,90,91,95,106,140,128,88,0,0,0,0,0,0,0
338,368,384,364,474,927,967,360,0,0,0,0,0,0,0
335,166,171,172,176,101,65,172,0,0,0,0,0,0,0
334,145,147,142,148,170,175,145,0,0,0,0,0,0,0
337,83,86,83,95,108,100,78,0,0,0,0,0,0,0
336,237,240,247,247,422,411,219,0,0,0,0,0,0,0
331,372,378,385,363,123,105,360,0,0,0,0,0,0,0
330,32,31,33,60,134,110,34,0,0,0,0,0,0,0
333,89,90,86,85,101,121,91,0,0,0,0,0,0,0
332,109,110,107,129,163,151,101,0,0,0,0,0,0,0
545,140,149,152,175,222,213,137,0,0,0,0,0,0,0
8,54,56,57,59,78,78,58,0,0,0,0,0,0,0
1353,419,437,458,394,162,119,439,0,0,0,0,0,0,0
1889,68,71,65,64,27,23,70,0,0,0,0,0,0,0
1888,82,85,88,89,92,91,82,0,0,0,0,0,0,0
1887,93,96,96,131,194,207,90,0,0,0,0,0,0,0
1886,97,97,93,91,99,108,102,0,0,0,0,0,0,0
1885,85,88,85,95,84,77,81,0,0,0,0,0,0,0
1884,92,96,93,110,164,162,95,0,0,0,0,0,0,0
1883,54,57,57,70,96,90,53,0,0,0,0,0,0,0
1882,137,148,145,183,253,224,134,0,0,0,0,0,0,0
1881,582,573,615,593,335,319,573,0,0,0,0,0,0,0
1880,136,139,138,172,261,251,127,0,0,0,0,0,0,0
948,85,87,81,84,93,95,83,0,0,0,0,0,0,0
949,64,62,63,70,87,84,60,0,0,0,0,0,0,0
946,89,93,90,103,141,148,101,0,0,0,0,0,0,0
947,74,78,80,81,70,67,79,0,0,0,0,0,0,0
944,47,48,49,55,59,57,48,0,0,0,0,0,0,0
945,69,69,62,77,96,89,64,0,0,0,0,0,0,0
942,56,57,58,67,83,80,54,0,0,0,0,0,0,0
943,77,79,80,93,148,146,73,0,0,0,0,0,0,0
940,113,113,110,111,114,124,113,0,0,0,0,0,0,0
941,49,47,43,54,68,67,46,0,0,0,0,0,0,0
133,108,109,112,108,83,65,112,0,0,0,0,0,0,0
132,57,56,58,79,98,93,51,0,0,0,0,0,0,0
131,53,57,57,61,64,64,60,0,0,0,0,0,0,0
130,269,283,268,277,381,376,274,0,0,0,0,0,0,0
137,89,91,92,100,85,69,87,0,0,0,0,0,0,0
136,102,100,102,108,92,88,98,0,0,0,0,0,0,0
135,154,153,147,170,187,191,154,0,0,0,0,0,0,0
134,406,418,420,398,371,377,414,0,0,0,0,0,0,0
139,61,62,61,86,145,125,52,0,0,0,0,0,0,0
138,272,263,255,263,256,243,265,0,0,0,0,0,0,0
708,71,74,76,80,101,92,72,0,0,0,0,0,0,0
709,51,50,52,58,78,76,50,0,0,0,0,0,0,0
704,68,72,73,88,64,51,78,0,0,0,0,0,0,0
705,40,39,43,60,134,122,37,0,0,0,0,0,0,0
706,88,89,89,90,70,58,86,0,0,0,0,0,0,0
707,69,69,73,76,71,75,70,0,0,0,0,0,0,0
700,74,69,79,85,86,81,69,0,0,0,0,0,0,0
701,88,91,91,102,113,118,84,0,0,0,0,0,0,0
702,91,96,95,117,149,143,88,0,0,0,0,0,0,0
703,69,68,69,72,47,42,73,0,0,0,0,0,0,0
88,426,484,451,528,601,586,415,0,0,0,0,0,0,0
89,43,43,46,59,92,85,41,0,0,0,0,0,0,0
82,111,115,112,116,104,99,112,0,0,0,0,0,0,0
83,115,116,112,140,188,182,105,0,0,0,0,0,0,0
80,70,72,73,75,82,87,70,0,0,0,0,0,0,0
81,93,91,93,91,110,110,100,0,0,0,0,0,0,0
86,115,118,118,130,169,162,116,0,0,0,0,0,0,0
87,127,130,131,120,31,27,133,0,0,0,0,0,0,0
84,163,164,165,195,289,302,158,0,0,0,0,0,0,0
85,62,63,63,79,114,107,60,0,0,0,0,0,0,0
762,110,112,104,130,153,151,103,0,0,0,0,0,0,0
1658,285,295,268,298,260,246,284,0,0,0,0,0,0,0
1659,85,85,85,91,103,106,84,0,0,0,0,0,0,0
1652,91,96,96,94,94,89,92,0,0,0,0,0,0,0
1653,95,98,98,111,139,137,99,0,0,0,0,0,0,0
1650,146,170,165,178,115,123,186,0,0,0,0,0,0,0
1651,92,97,98,105,114,112,94,0,0,0,0,0,0,0
1656,51,50,50,56,64,66,49,0,0,0,0,0,0,0
1657,103,103,103,109,118,120,107,0,0,0,0,0,0,0
1654,63,64,66,78,94,86,60,0,0,0,0,0,0,0
1655,106,114,117,113,59,48,118,0,0,0,0,0,0,0
586,89,85,84,94,91,91,82,0,0,0,0,0,0,0
587,115,116,115,128,172,178,111,0,0,0,0,0,0,0
584,101,100,98,107,133,142,93,0,0,0,0,0,0,0
585,90,91,93,95,89,93,89,0,0,0,0,0,0,0
582,44,44,44,57,85,76,38,0,0,0,0,0,0,0
583,41,42,45,61,102,94,39,0,0,0,0,0,0,0
580,476,483,494,555,883,976,499,0,0,0,0,0,0,0
1631,337,353,369,402,507,547,353,0,0,0,0,0,0,0
1984,71,70,70,70,61,60,72,0,0,0,0,0,0,0
588,42,40,42,63,72,69,45,0,0,0,0,0,0,0
589,46,48,50,56,65,56,46,0,0,0,0,0,0,0
1985,432,426,424,673,532,487,400,0,0,0,0,0,0,0
1634,92,92,92,95,109,110,96,0,0,0,0,0,0,0
1348,116,120,120,149,181,191,114,0,0,0,0,0,0,0
1983,115,114,115,117,109,106,107,0,0,0,0,0,0,0
1436,267,265,243,296,321,318,268,0,0,0,0,0,0,0
1437,105,109,107,118,126,127,105,0,0,0,0,0,0,0
1434,496,506,504,536,493,490,477,0,0,0,0,0,0,0
1435,67,68,62,78,98,93,57,0,0,0,0,0,0,0
1432,276,290,281,372,479,495,266,0,0,0,0,0,0,0
1636,58,59,58,67,68,60,58,0,0,0,0,0,0,0
1430,64,65,61,59,30,27,63,0,0,0,0,0,0,0
1431,115,113,106,128,138,140,113,0,0,0,0,0,0,0
418,130,131,127,148,194,185,124,0,0,0,0,0,0,0
1981,117,118,120,116,94,89,119,0,0,0,0,0,0,0
1438,117,125,123,159,219,198,123,0,0,0,0,0,0,0
1381,154,157,152,175,178,180,146,0,0,0,0,0,0,0
1260,86,88,89,92,99,108,88,0,0,0,0,0,0,0
1349,111,113,111,111,123,127,115,0,0,0,0,0,0,0
458,98,98,102,151,159,147,91,0,0,0,0,0,0,0
459,16,18,27,64,121,63,24,0,0,0,0,0,0,0
450,68,71,69,69,77,78,69,0,0,0,0,0,0,0
451,121,124,122,146,195,182,117,0,0,0,0,0,0,0
452,217,223,218,249,290,316,229,0,0,0,0,0,0,0
453,61,63,64,63,60,67,63,0,0,0,0,0,0,0
454,62,62,64,63,66,61,60,0,0,0,0,0,0,0
455,111,113,113,131,154,163,120,0,0,0,0,0,0,0
456,58,61,62,74,98,88,61,0,0,0,0,0,0,0
457,56,53,55,73,110,105,52,0,0,0,0,0,0,0
1082,60,60,64,67,87,80,58,0,0,0,0,0,0,0
517,2484,1683,1655,1963,3398,3563,1673,0,0,0,0,0,0,0
1266,70,69,65,79,98,86,67,0,0,0,0,0,0,0
656,170,179,180,171,153,187,197,0,0,0,0,0,0,0
657,68,70,69,86,94,85,66,0,0,0,0,0,0,0
654,89,90,91,117,129,113,84,0,0,0,0,0,0,0
655,61,63,65,68,76,73,62,0,0,0,0,0,0,0
652,138,145,143,167,271,300,142,0,0,0,0,0,0,0
653,108,112,111,123,124,124,112,0,0,0,0,0,0,0
1504,110,108,109,111,99,93,109,0,0,0,0,0,0,0
651,305,317,315,316,196,167,299,0,0,0,0,0,0,0
1508,47,46,48,60,103,96,42,0,0,0,0,0,0,0
1509,66,69,68,81,81,69,63,0,0,0,0,0,0,0
658,169,173,176,209,222,219,155,0,0,0,0,0,0,0
659,34,36,39,35,30,23,44,0,0,0,0,0,0,0
1992,63,66,66,72,121,108,63,0,0,0,0,0,0,0
54,322,336,323,314,351,361,328,0,0,0,0,0,0,0
1292,202,205,208,236,273,260,201,0,0,0,0,0,0,0
1376,134,141,137,162,208,198,122,0,0,0,0,0,0,0
1081,69,73,77,78,84,81,71,0,0,0,0,0,0,0
322,69,73,79,76,73,63,73,0,0,0,0,0,0,0
323,177,185,179,200,219,193,169,0,0,0,0,0,0,0
320,221,231,221,285,385,356,196,0,0,0,0,0,0,0
321,125,121,123,132,131,121,121,0,0,0,0,0,0,0
326,82,71,72,84,115,108,75,0,0,0,0,0,0,0
327,59,62,65,72,75,73,60,0,0,0,0,0,0,0
324,102,106,101,100,96,97,110,0,0,0,0,0,0,0
325,62,61,61,72,98,90,58,0,0,0,0,0,0,0
328,149,152,151,156,169,182,150,0,0,0,0,0,0,0
329,73,74,75,82,87,84,69,0,0,0,0,0,0,0
1340,156,156,151,156,124,115,158,0,0,0,0,0,0,0
1341,125,123,123,135,163,161,118,0,0,0,0,0,0,0
1592,59,60,61,70,92,79,55,0,0,0,0,0,0,0
995,142,142,141,146,152,168,149,0,0,0,0,0,0,0
994,79,82,81,98,137,131,75,0,0,0,0,0,0,0
997,114,115,111,116,123,124,111,0,0,0,0,0,0,0
996,65,66,59,75,69,60,71,0,0,0,0,0,0,0
991,101,106,102,111,139,136,100,0,0,0,0,0,0,0
990,89,94,95,141,234,216,84,0,0,0,0,0,0,0
993,71,69,68,74,73,76,69,0,0,0,0,0,0,0
992,129,133,133,133,73,74,133,0,0,0,0,0,0,0
999,344,353,351,344,150,126,343,0,0,0,0,0,0,0
998,131,148,149,158,249,262,141,0,0,0,0,0,0,0
120,260,273,256,266,342,370,265,0,0,0,0,0,0,0
121,50,49,51,62,67,69,47,0,0,0,0,0,0,0
122,55,54,57,65,72,77,52,0,0,0,0,0,0,0
123,80,85,76,90,114,106,84,0,0,0,0,0,0,0
124,380,383,372,381,472,517,389,0,0,0,0,0,0,0
125,31,33,34,41,52,44,34,0,0,0,0,0,0,0
126,120,123,122,119,102,98,118,0,0,0,0,0,0,0
127,49,51,52,60,87,88,46,0,0,0,0,0,0,0
128,45,47,48,56,82,79,42,0,0,0,0,0,0,0
129,164,173,174,197,306,311,167,0,0,0,0,0,0,0
520,95,99,98,99,82,86,91,0,0,0,0,0,0,0
521,53,52,54,66,105,103,52,0,0,0,0,0,0,0
1134,68,68,67,79,100,96,62,0,0,0,0,0,0,0
1748,78,79,80,88,116,110,73,0,0,0,0,0,0,0
723,185,188,193,222,277,267,174,0,0,0,0,0,0,0
1645,343,344,355,344,325,310,322,0,0,0,0,0,0,0
1644,122,124,127,140,150,149,125,0,0,0,0,0,0,0
1647,222,231,227,264,344,313,213,0,0,0,0,0,0,0
1646,62,69,66,76,94,89,63,0,0,0,0,0,0,0
1641,69,72,71,86,92,98,65,0,0,0,0,0,0,0
1640,28,29,32,43,108,112,29,0,0,0,0,0,0,0
1643,45,49,51,56,63,60,50,0,0,0,0,0,0,0
1642,266,268,266,275,333,301,267,0,0,0,0,0,0,0
1396,316,327,328,351,383,418,323,0,0,0,0,0,0,0
1649,41,42,42,51,75,68,41,0,0,0,0,0,0,0
1648,185,196,186,203,263,266,193,0,0,0,0,0,0,0
728,419,434,418,426,453,462,444,0,0,0,0,0,0,0
1743,268,283,263,308,332,339,272,0,0,0,0,0,0,0
1252,161,169,168,217,326,302,148,0,0,0,0,0,0,0
579,122,123,120,142,174,173,114,0,0,0,0,0,0,0
578,127,138,139,139,106,91,137,0,0,0,0,0,0,0
573,39,42,42,49,57,54,42,0,0,0,0,0,0,0
572,383,382,348,406,488,473,360,0,0,0,0,0,0,0
571,184,183,185,178,115,114,185,0,0,0,0,0,0,0
570,146,147,150,183,208,202,142,0,0,0,0,0,0,0
577,491,502,481,525,768,818,481,0,0,0,0,0,0,0
576,57,60,58,69,88,84,57,0,0,0,0,0,0,0
575,149,155,154,157,137,128,156,0,0,0,0,0,0,0
574,50,49,50,62,63,55,46,0,0,0,0,0,0,0
1209,52,51,53,58,70,71,50,0,0,0,0,0,0,0
600,223,221,219,256,279,264,213,0,0,0,0,0,0,0
1421,106,108,108,127,123,128,113,0,0,0,0,0,0,0
1420,217,229,218,221,118,112,227,0,0,0,0,0,0,0
1423,86,89,89,96,116,107,88,0,0,0,0,0,0,0
1422,118,118,118,138,157,140,105,0,0,0,0,0,0,0
1425,64,66,67,75,76,74,67,0,0,0,0,0,0,0
1424,158,161,169,211,253,244,150,0,0,0,0,0,0,0
1427,215,208,222,244,289,286,187,0,0,0,0,0,0,0
1426,548,543,527,563,205,150,576,0,0,0,0,0,0,0
1429,127,131,132,139,147,142,128,0,0,0,0,0,0,0
1428,62,63,62,73,105,99,59,0,0,0,0,0,0,0
731,1695,1690,1759,1786,1619,1596,1721,0,0,0,0,0,0,0
730,197,206,208,232,330,353,208,0,0,0,0,0,0,0
733,157,158,159,150,160,144,155,0,0,0,0,0,0,0
732,94,98,98,134,214,202,95,0,0,0,0,0,0,0
735,71,73,75,78,80,70,76,0,0,0,0,0,0,0
734,132,127,113,154,202,226,119,0,0,0,0,0,0,0
737,384,388,382,435,456,441,384,0,0,0,0,0,0,0
736,109,111,110,121,156,154,101,0,0,0,0,0,0,0
739,70,71,75,88,106,112,71,0,0,0,0,0,0,0
738,146,151,145,170,217,238,136,0,0,0,0,0,0,0
1084,89,92,90,105,156,150,89,0,0,0,0,0,0,0
1359,38,39,38,51,74,76,39,0,0,0,0,0,0,0
1393,54,56,54,69,92,81,55,0,0,0,0,0,0,0
469,73,76,66,75,71,61,73,0,0,0,0,0,0,0
468,46,48,49,56,79,77,46,0,0,0,0,0,0,0
465,383,382,363,418,625,661,377,0,0,0,0,0,0,0
1352,49,50,50,59,82,80,49,0,0,0,0,0,0,0
467,92,95,95,98,116,128,96,0,0,0,0,0,0,0
466,60,61,63,80,112,106,56,0,0,0,0,0,0,0
461,54,53,51,54,57,51,54,0,0,0,0,0,0,0
460,265,284,284,285,107,57,277,0,0,0,0,0,0,0
463,141,152,150,153,176,188,151,0,0,0,0,0,0,0
608,246,260,248,263,315,331,251,0,0,0,0,0,0,0
1519,90,89,87,97,108,106,91,0,0,0,0,0,0,0
1518,82,82,85,91,113,113,85,0,0,0,0,0,0,0
1515,191,202,185,222,321,341,209,0,0,0,0,0,0,0
1514,169,172,173,161,120,132,175,0,0,0,0,0,0,0
1517,63,64,58,80,118,110,57,0,0,0,0,0,0,0
1516,79,83,82,86,65,58,84,0,0,0,0,0,0,0
1511,127,137,138,178,291,244,114,0,0,0,0,0,0,0
1510,26,28,28,33,41,47,31,0,0,0,0,0,0,0
1513,62,66,61,81,106,103,60,0,0,0,0,0,0,0
1512,76,78,80,109,129,124,73,0,0,0,0,0,0,0
281,146,149,150,181,219,215,138,0,0,0,0,0,0,0
357,49,49,49,54,61,61,50,0,0,0,0,0,0,0
356,132,137,137,149,145,133,129,0,0,0,0,0,0,0
355,62,62,63,64,46,31,64,0,0,0,0,0,0,0
354,68,70,69,74,87,93,70,0,0,0,0,0,0,0
353,61,64,58,62,68,64,63,0,0,0,0,0,0,0
352,281,302,291,282,18,10,282,0,0,0,0,0,0,0
351,106,105,106,112,88,84,104,0,0,0,0,0,0,0
350,220,238,227,238,114,98,239,0,0,0,0,0,0,0
359,144,145,141,159,191,174,135,0,0,0,0,0,0,0
1032,47,50,51,61,68,71,54,0,0,0,0,0,0,0
43,66,69,71,87,90,93,68,0,0,0,0,0,0,0
1111,57,59,62,63,66,69,60,0,0,0,0,0,0,0
1110,213,207,202,203,163,147,204,0,0,0,0,0,0,0
1445,174,177,171,183,210,214,187,0,0,0,0,0,0,0
484,61,61,60,83,143,139,60,0,0,0,0,0,0,0
289,51,52,55,63,77,77,50,0,0,0,0,0,0,0
288,75,76,76,86,126,126,68,0,0,0,0,0,0,0
1444,58,58,52,84,157,141,53,0,0,0,0,0,0,0
1793,85,86,86,86,120,133,86,0,0,0,0,0,0,0
280,61,60,63,71,93,98,62,0,0,0,0,0,0,0
283,43,43,46,63,102,87,45,0,0,0,0,0,0,0
282,235,242,245,240,152,146,250,0,0,0,0,0,0,0
285,275,283,283,328,241,258,265,0,0,0,0,0,0,0
284,32,31,32,47,75,71,30,0,0,0,0,0,0,0
287,200,209,200,226,282,263,191,0,0,0,0,0,0,0
1442,47,48,50,53,53,52,49,0,0,0,0,0,0,0
1441,98,99,100,103,106,104,104,0,0,0,0,0,0,0
1116,325,342,328,315,213,243,328,0,0,0,0,0,0,0
263,113,115,111,116,127,130,112,0,0,0,0,0,0,0
262,120,130,125,140,132,140,122,0,0,0,0,0,0,0
261,93,94,99,117,161,148,91,0,0,0,0,0,0,0
260,65,68,67,74,80,80,62,0,0,0,0,0,0,0
267,94,97,99,100,97,90,93,0,0,0,0,0,0,0
266,41,41,40,49,58,56,38,0,0,0,0,0,0,0
265,119,125,121,137,156,152,114,0,0,0,0,0,0,0
1561,300,292,284,272,29,22,285,0,0,0,0,0,0,0
269,103,103,98,96,86,89,109,0,0,0,0,0,0,0
268,91,97,100,101,84,78,96,0,0,0,0,0,0,0
1290,93,96,94,116,170,163,83,0,0,0,0,0,0,0
1291,54,53,57,72,122,111,49,0,0,0,0,0,0,0
1564,142,146,151,166,223,206,134,0,0,0,0,0,0,0
1297,209,212,200,234,282,269,199,0,0,0,0,0,0,0
1566,80,84,75,84,93,91,80,0,0,0,0,0,0,0
1567,62,60,59,63,45,42,66,0,0,0,0,0,0,0
988,278,266,271,298,337,374,295,0,0,0,0,0,0,0
989,163,167,162,171,153,150,163,0,0,0,0,0,0,0
982,88,94,92,107,107,104,93,0,0,0,0,0,0,0
983,68,68,63,77,91,84,68,0,0,0,0,0,0,0
980,89,97,95,113,133,120,85,0,0,0,0,0,0,0
981,47,50,61,87,83,80,48,0,0,0,0,0,0,0
986,163,165,157,155,135,129,153,0,0,0,0,0,0,0
987,74,75,84,84,41,38,83,0,0,0,0,0,0,0
984,89,92,93,115,141,147,85,0,0,0,0,0,0,0
985,257,255,258,282,237,213,274,0,0,0,0,0,0,0
115,360,380,357,373,373,357,363,0,0,0,0,0,0,0
114,601,596,605,706,502,529,533,0,0,0,0,0,0,0
117,108,114,119,143,242,237,107,0,0,0,0,0,0,0
116,472,451,452,431,404,431,455,0,0,0,0,0,0,0
111,65,71,66,77,89,81,66,0,0,0,0,0,0,0
110,129,133,127,139,145,127,130,0,0,0,0,0,0,0
113,162,162,160,158,111,125,156,0,0,0,0,0,0,0
112,108,111,113,130,167,162,114,0,0,0,0,0,0,0
119,44,45,42,58,86,77,43,0,0,0,0,0,0,0
118,82,84,79,78,34,25,85,0,0,0,0,0,0,0
1388,56,59,56,81,109,100,52,0,0,0,0,0,0,0
1796,192,207,202,270,402,335,192,0,0,0,0,0,0,0
1389,79,81,80,95,127,115,77,0,0,0,0,0,0,0
1630,90,92,89,108,96,105,89,0,0,0,0,0,0,0
1987,44,44,46,56,104,103,40,0,0,0,0,0,0,0
1632,38,38,37,43,54,52,38,0,0,0,0,0,0,0
1633,75,76,78,81,93,91,73,0,0,0,0,0,0,0
1982,94,93,92,93,77,55,88,0,0,0,0,0,0,0
1635,60,62,63,70,85,85,61,0,0,0,0,0,0,0
1980,48,45,46,53,67,65,43,0,0,0,0,0,0,0
1637,164,162,160,157,108,103,159,0,0,0,0,0,0,0
1638,102,105,102,125,207,212,100,0,0,0,0,0,0,0
1639,57,60,56,81,162,157,51,0,0,0,0,0,0,0
1988,189,205,200,213,247,260,196,0,0,0,0,0,0,0
1989,58,59,62,83,105,107,57,0,0,0,0,0,0,0
568,109,111,110,155,208,207,105,0,0,0,0,0,0,0
569,200,190,191,192,185,208,193,0,0,0,0,0,0,0
560,150,156,154,180,173,183,145,0,0,0,0,0,0,0
561,71,77,78,63,12,10,75,0,0,0,0,0,0,0
562,73,74,77,75,21,15,75,0,0,0,0,0,0,0
563,49,51,52,55,60,49,51,0,0,0,0,0,0,0
564,155,164,163,229,347,314,155,0,0,0,0,0,0,0
565,276,292,293,334,326,321,277,0,0,0,0,0,0,0
566,71,74,72,87,102,105,67,0,0,0,0,0,0,0
567,62,65,62,67,60,49,64,0,0,0,0,0,0,0
1188,120,124,117,125,131,132,121,0,0,0,0,0,0,0
1189,106,104,108,112,89,84,104,0,0,0,0,0,0,0
1186,67,69,70,73,74,69,66,0,0,0,0,0,0,0
1187,78,78,75,91,124,109,72,0,0,0,0,0,0,0
1184,121,123,123,145,173,165,113,0,0,0,0,0,0,0
1185,274,264,273,252,137,117,283,0,0,0,0,0,0,0
1182,48,53,54,61,86,82,49,0,0,0,0,0,0,0
1183,49,49,50,56,67,74,50,0,0,0,0,0,0,0
1180,120,119,120,146,200,193,116,0,0,0,0,0,0,0
1181,168,173,171,184,206,207,158,0,0,0,0,0,0,0
726,61,64,63,67,59,61,63,0,0,0,0,0,0,0
727,39,41,44,49,69,66,43,0,0,0,0,0,0,0
724,39,43,44,49,53,47,43,0,0,0,0,0,0,0
725,118,120,119,122,127,124,118,0,0,0,0,0,0,0
722,122,122,120,117,48,37,126,0,0,0,0,0,0,0
1749,49,50,47,48,50,52,51,0,0,0,0,0,0,0
720,163,172,173,185,151,147,172,0,0,0,0,0,0,0
721,221,225,197,193,178,244,201,0,0,0,0,0,0,0
1744,101,105,105,134,158,149,92,0,0,0,0,0,0,0
1745,382,404,367,457,560,535,406,0,0,0,0,0,0,0
1746,97,97,97,99,108,123,96,0,0,0,0,0,0,0
1747,44,49,46,72,86,79,49,0,0,0,0,0,0,0
1740,85,87,92,88,46,38,100,0,0,0,0,0,0,0
1741,83,84,85,100,157,155,78,0,0,0,0,0,0,0
1742,102,104,99,101,56,48,104,0,0,0,0,0,0,0
729,233,235,232,256,336,320,221,0,0,0,0,0,0,0
1164,67,69,72,77,35,27,70,0,0,0,0,0,0,0
1165,67,69,71,75,85,81,69,0,0,0,0,0,0,0
1166,76,79,78,89,109,101,72,0,0,0,0,0,0,0
1167,67,72,75,85,102,94,72,0,0,0,0,0,0,0
1160,59,60,62,58,52,50,58,0,0,0,0,0,0,0
1161,77,83,83,119,132,145,72,0,0,0,0,0,0,0
1162,73,73,76,88,110,119,68,0,0,0,0,0,0,0
1163,106,105,103,99,35,29,106,0,0,0,0,0,0,0
1168,190,201,201,223,331,342,196,0,0,0,0,0,0,0
1169,133,134,138,143,144,147,136,0,0,0,0,0,0,0
472,409,445,423,570,814,751,411,0,0,0,0,0,0,0
48,363,392,390,414,550,566,364,0,0,0,0,0,0,0
49,412,411,400,393,569,606,394,0,0,0,0,0,0,0
46,165,170,162,166,181,193,180,0,0,0,0,0,0,0
47,139,147,142,157,94,94,147,0,0,0,0,0,0,0
44,61,59,60,62,83,78,53,0,0,0,0,0,0,0
45,31,30,32,38,57,56,31,0,0,0,0,0,0,0
42,71,72,73,87,97,99,72,0,0,0,0,0,0,0
470,58,54,57,90,132,123,50,0,0,0,0,0,0,0
40,81,80,80,87,105,112,79,0,0,0,0,0,0,0
41,156,165,160,208,333,342,143,0,0,0,0,0,0,0
1568,180,179,182,217,322,314,155,0,0,0,0,0,0,0
1569,122,129,127,117,101,95,127,0,0,0,0,0,0,0
1298,151,148,146,159,191,185,147,0,0,0,0,0,0,0
1299,166,173,170,172,141,130,161,0,0,0,0,0,0,0
1560,199,206,207,234,281,266,197,0,0,0,0,0,0,0
1293,152,153,155,164,155,161,149,0,0,0,0,0,0,0
1562,50,48,48,53,65,65,48,0,0,0,0,0,0,0
1563,40,38,40,48,73,72,40,0,0,0,0,0,0,0
1296,608,659,644,641,1169,1080,631,0,0,0,0,0,0,0
1565,88,88,89,84,59,51,90,0,0,0,0,0,0,0
1294,64,68,70,76,95,98,62,0,0,0,0,0,0,0
1295,95,103,98,112,112,106,83,0,0,0,0,0,0,0
797,72,76,73,89,119,114,72,0,0,0,0,0,0,0
1360,57,58,58,63,77,70,54,0,0,0,0,0,0,0
1712,53,57,56,62,76,80,57,0,0,0,0,0,0,0
1361,170,172,172,174,136,109,177,0,0,0,0,0,0,0
795,109,107,106,107,80,80,108,0,0,0,0,0,0,0
794,224,229,232,212,160,159,221,0,0,0,0,0,0,0
1717,226,223,224,254,308,330,216,0,0,0,0,0,0,0
792,190,197,198,196,155,149,198,0,0,0,0,0,0,0
791,78,81,80,91,103,102,72,0,0,0,0,0,0,0
1201,128,134,133,171,217,216,130,0,0,0,0,0,0,0
1714,183,187,190,170,118,100,192,0,0,0,0,0,0,0
1366,162,173,172,178,30,21,173,0,0,0,0,0,0,0
473,97,97,93,93,50,36,101,0,0,0,0,0,0,0
1364,63,70,70,89,140,137,58,0,0,0,0,0,0,0
471,88,89,88,89,100,95,92,0,0,0,0,0,0,0
476,90,92,93,90,33,29,94,0,0,0,0,0,0,0
477,90,90,91,101,101,106,87,0,0,0,0,0,0,0
474,41,40,43,48,57,58,45,0,0,0,0,0,0,0
475,113,121,118,132,135,128,118,0,0,0,0,0,0,0
478,43,43,44,45,55,48,47,0,0,0,0,0,0,0
479,71,71,62,74,108,110,69,0,0,0,0,0,0,0
1368,105,105,111,110,106,97,110,0,0,0,0,0,0,0
1369,48,50,48,53,66,69,52,0,0,0,0,0,0,0
